use fleur;

INSERT INTO client (id_client, prenom, nom, mdp, tel, adresse_factu, num_carte, statut, mail) VALUES ('HxzUNrfyVKGIvPLAtkXW', 'Arthur', 'Pruvost', 'n^J%8&UsJH', '+33 (0)5 32 53 16 70', '66, chemin Gomez\n2047 Roux', '2296404229511640', 'BASIC', 'Arthur.Pruvost@gmail.com');
INSERT INTO client (id_client, prenom, nom, mdp, tel, adresse_factu, num_carte, statut, mail) VALUES ('gbilAcbyvWKqrwOikQUZ', 'Guy', 'Guilbert', 'I46NhRa^%5', '01 45 30 21 48', 'chemin Chauveau\n3797 Leblanc', '346401885822661', 'BASIC', 'Guy.Guilbert@gmail.com');
INSERT INTO client (id_client, prenom, nom, mdp, tel, adresse_factu, num_carte, statut, mail) VALUES ('muIECFJIRyaaxsIoBQrL', 'Martine', 'Hernandez', '+e4hNoEzgR', '04 88 56 56 87', '93, chemin de Bernard\n55203 Mendès', '2299313461613807', 'BASIC', 'Martine.Hernandez@gmail.com');
INSERT INTO client (id_client, prenom, nom, mdp, tel, adresse_factu, num_carte, statut, mail) VALUES ('TCMLAAbdQDETIbRjeUvo', 'Amélie', 'Pineau', '*(0YRLmhS9', '+33 (0)3 60 74 72 35', '54, chemin Gonzalez\n04730 Sainte Benoîtnec', '3510189018940427', 'BASIC', 'Amélie.Pineau@gmail.com');
INSERT INTO client (id_client, prenom, nom, mdp, tel, adresse_factu, num_carte, statut, mail) VALUES ('nKOtJtBmRoEGmobkXBCu', 'Élodie', 'Hoarau', '@7l0nfAU*p', '04 89 03 53 74', '37, boulevard Rolland\n06233 Tanguy', '3574827484470659', 'BASIC', 'Élodie.Hoarau@gmail.com');
INSERT INTO client (id_client, prenom, nom, mdp, tel, adresse_factu, num_carte, statut, mail) VALUES ('qgfcjuAkjBizAPENGaJF', 'Sylvie', 'Hamel', '$pHaGX#!F0', '0148429222', 'boulevard Dias\n97172 Joubert', '4637208097498810705', 'BASIC', 'Sylvie.Hamel@gmail.com');
INSERT INTO client (id_client, prenom, nom, mdp, tel, adresse_factu, num_carte, statut, mail) VALUES ('VOjDuAAQGScpgLwNgUhv', 'Denise', 'Guillet', '*b#3PUTpUL', '+33 3 69 37 30 18', '77, chemin de Cohen\n60544 GiraudBourg', '3529469276053025', 'BASIC', 'Denise.Guillet@gmail.com');
INSERT INTO client (id_client, prenom, nom, mdp, tel, adresse_factu, num_carte, statut, mail) VALUES ('aeOPbwFDvxWVRnKbxERs', 'Danielle', 'Guyon', 'sDs+T0k!F*', '0164965485', '83, boulevard Bourgeois\n71388 Sainte FrédéricVille', '2254459139349747', 'BASIC', 'Danielle.Guyon@gmail.com');
INSERT INTO client (id_client, prenom, nom, mdp, tel, adresse_factu, num_carte, statut, mail) VALUES ('hkddijeLxcRTLFxGZihL', 'Thomas', 'Clerc', '1yWFa21Y^^', '03 57 26 37 95', 'rue de Paris\n30711 DelaunayBourg', '3514583334491659', 'BASIC', 'Thomas.Clerc@gmail.com');
INSERT INTO client (id_client, prenom, nom, mdp, tel, adresse_factu, num_carte, statut, mail) VALUES ('tmutkMrjwqoDZHeSdmbD', 'Amélie', 'Martel', '0daReeT3_4', '02 54 14 98 80', '90, avenue Matthieu François\n29974 Pasquier', '3563071182428312', 'BASIC', 'Amélie.Martel@gmail.com');
INSERT INTO client (id_client, prenom, nom, mdp, tel, adresse_factu, num_carte, statut, mail) VALUES ('hXHbUjSnyDfwxrRunbrR', 'Olivie', 'Baron', '%^)3Erso*Q', '02 96 82 60 01', '56, rue Marie Cohen\n36737 Berniernec', '4252407952632309', 'BASIC', 'Olivie.Baron@gmail.com');
INSERT INTO client (id_client, prenom, nom, mdp, tel, adresse_factu, num_carte, statut, mail) VALUES ('dUhGcRLRsqasKrVaRSYQ', 'Colette', 'Colas', '(tqFYumrj6', '+33 3 86 22 49 12', '396, chemin Delaunay\n73614 Guilbert', '2709259011131770', 'BASIC', 'Colette.Colas@gmail.com');
INSERT INTO client (id_client, prenom, nom, mdp, tel, adresse_factu, num_carte, statut, mail) VALUES ('uYtHpFVQLbOVcGhkkATa', 'Luce', 'Voisin', 'h&6wQrmRLf', '+33 5 40 85 87 15', '34, avenue Couturier\n80284 Lesage-les-Bains', '376946962801163', 'BASIC', 'Luce.Voisin@gmail.com');
INSERT INTO client (id_client, prenom, nom, mdp, tel, adresse_factu, num_carte, statut, mail) VALUES ('DSPDPCBgiqGQzudOkzIO', 'Gilbert', 'Grégoire', '!1sQUHrz4k', '+33 2 48 35 46 98', '7, chemin Danielle Fernandez\n48358 Saint Stéphanienec', '4408243690901265', 'BASIC', 'Gilbert.Grégoire@gmail.com');
INSERT INTO client (id_client, prenom, nom, mdp, tel, adresse_factu, num_carte, statut, mail) VALUES ('HUkqqIuCpwwwESlegOrd', 'Adélaïde', 'Denis', 'hY&F!1NmG7', '+33 4 32 15 33 82', '16, rue de Marie\n9152 Albertnec', '2577386242846337', 'BASIC', 'Adélaïde.Denis@gmail.com');
INSERT INTO client (id_client, prenom, nom, mdp, tel, adresse_factu, num_carte, statut, mail) VALUES ('VHcjDptPmqBHQvCSERWf', 'Colette', 'Lejeune', 'Z#0BQcmpA#', '+33 3 39 84 98 05', '27, rue de Fabre\n06434 Navarrodan', '2716081548483420', 'BASIC', 'Colette.Lejeune@gmail.com');
INSERT INTO client (id_client, prenom, nom, mdp, tel, adresse_factu, num_carte, statut, mail) VALUES ('ONyKRTvFUwxGBvIhSOxk', 'Patricia', 'Faivre', '@4X5VgbNLO', '+33 (0)3 52 42 23 23', '83, chemin Antoine\n09625 Baudrynec', '4072634567627345', 'BASIC', 'Patricia.Faivre@gmail.com');
INSERT INTO client (id_client, prenom, nom, mdp, tel, adresse_factu, num_carte, statut, mail) VALUES ('MrLBkWLWXepZBdtmCHjs', 'Pierre', 'Lévêque', 'HQ!74xNqqv', '03 26 44 22 24', '33, boulevard de Albert\n92348 Guyon', '3501923239149025', 'BASIC', 'Pierre.Lévêque@gmail.com');
INSERT INTO client (id_client, prenom, nom, mdp, tel, adresse_factu, num_carte, statut, mail) VALUES ('BlSjoUxZFGLhluJVMRqg', 'Xavier', 'Peltier', '16VWd(qz+p', '0547464873', '227, boulevard de Martins\n55177 Toussaint-les-Bains', '4300599727244964', 'BASIC', 'Xavier.Peltier@gmail.com');
INSERT INTO client (id_client, prenom, nom, mdp, tel, adresse_factu, num_carte, statut, mail) VALUES ('yCNpHZLhdQnsaxZOPepQ', 'Amélie', 'Rodrigues', '@8P(p4@1#f', '02 40 72 97 66', 'rue de Fabre\n81920 Denis-sur-Carpentier', '4919793486442306', 'BASIC', 'Amélie.Rodrigues@gmail.com');
INSERT INTO client (id_client, prenom, nom, mdp, tel, adresse_factu, num_carte, statut, mail) VALUES ('lsPTdkptawivDbjsMgij', 'Christine', 'Bouvet', '#w2EiWkqgE', '+33 (0)2 51 24 03 37', '914, chemin de Vallet\n97694 Saint Michelle-la-Forêt', '3518783615817293', 'BASIC', 'Christine.Bouvet@gmail.com');
INSERT INTO client (id_client, prenom, nom, mdp, tel, adresse_factu, num_carte, statut, mail) VALUES ('NfAFMqTefUwPzhvlmWzL', 'Gilles', 'Delorme', '$UjZWnu705', '03 61 32 67 64', '52, rue Denise Lejeune\n64170 Berthelot', '578042159660', 'BASIC', 'Gilles.Delorme@gmail.com');
INSERT INTO client (id_client, prenom, nom, mdp, tel, adresse_factu, num_carte, statut, mail) VALUES ('NfofSwhcccLqdTmVFrpz', 'Valérie', 'Roussel', 'Rpz36RBv1@', '+33 5 81 53 15 20', '75, boulevard de Hoareau\n79972 Pereira-sur-Lenoir', '4799894667329851', 'BASIC', 'Valérie.Roussel@gmail.com');
INSERT INTO client (id_client, prenom, nom, mdp, tel, adresse_factu, num_carte, statut, mail) VALUES ('CHIbqXvYMEAfHNFWWjbx', 'Noémi', 'Dias', '31Xq4Gxd@Q', '05 24 47 16 24', '5, rue Sabine Traore\n42348 Rey', '676284784714', 'BASIC', 'Noémi.Dias@gmail.com');
INSERT INTO client (id_client, prenom, nom, mdp, tel, adresse_factu, num_carte, statut, mail) VALUES ('mEetdOvdwPaxWPeODKQj', 'Frédéric', 'Moreno', '&7KDMp@b#5', '+33 (0)3 81 32 36 46', '3, avenue Capucine Rey\n65928 Carre-sur-Grégoire', '4246540668073316', 'BASIC', 'Frédéric.Moreno@gmail.com');
INSERT INTO client (id_client, prenom, nom, mdp, tel, adresse_factu, num_carte, statut, mail) VALUES ('dhOwXNYkuDmeLPhEdHfp', 'Valentine', 'Mace', 'fKUF!6Bp#r', '0458730658', '14, avenue Morvan\n38431 CourtoisBourg', '3545756187224103', 'BASIC', 'Valentine.Mace@gmail.com');
INSERT INTO client (id_client, prenom, nom, mdp, tel, adresse_factu, num_carte, statut, mail) VALUES ('umDnCrXzVExDbZesbhwc', 'Jacqueline', 'Pereira', '+^A!i*Epx0', '+33 2 49 20 79 88', '31, rue de Evrard\n3131 Perrin-la-Forêt', '30000487786406', 'BASIC', 'Jacqueline.Pereira@gmail.com');
INSERT INTO client (id_client, prenom, nom, mdp, tel, adresse_factu, num_carte, statut, mail) VALUES ('aprDwUYkKAmVxmHpDEbD', 'Jérôme', 'Peron', '^8z$SeOS$w', '+33 5 79 74 35 39', '425, rue Auguste Klein\n32348 Barbe-sur-Caron', '2238530714451131', 'BASIC', 'Jérôme.Peron@gmail.com');
INSERT INTO client (id_client, prenom, nom, mdp, tel, adresse_factu, num_carte, statut, mail) VALUES ('XbFYQQNybwzrqFWTOJiE', 'Caroline', 'Lopes', 'KJ5TGJhM_8', '03 67 49 41 88', '790, rue Aimée Colin\n82691 Devaux', '4423358563526', 'BASIC', 'Caroline.Lopes@gmail.com');
INSERT INTO client (id_client, prenom, nom, mdp, tel, adresse_factu, num_carte, statut, mail) VALUES ('JiyiMtmkHwklLBooXYvk', 'Raymond', 'Pires', 'k2Vo!w9x@o', '0491140905', 'boulevard Nicolas Lelièvre\n34753 Fontaine', '6595562862476485', 'BASIC', 'Raymond.Pires@gmail.com');
INSERT INTO client (id_client, prenom, nom, mdp, tel, adresse_factu, num_carte, statut, mail) VALUES ('GmImMZyXdMchcIjdqZpq', 'Gilbert', 'Parent', '1@39ZDPt!R', '05 90 21 33 17', '91, boulevard de Leclerc\n01515 Bonnet', '30250677197100', 'BASIC', 'Gilbert.Parent@gmail.com');
INSERT INTO client (id_client, prenom, nom, mdp, tel, adresse_factu, num_carte, statut, mail) VALUES ('LNcTJFBvGYcllzYoaaQJ', 'Aimé', 'Marion', '#6V3jLa5CY', '+33 (0)4 65 24 33 36', '200, avenue Constance Paul\n97483 Dumont', '38007513687369', 'BASIC', 'Aimé.Marion@gmail.com');
INSERT INTO client (id_client, prenom, nom, mdp, tel, adresse_factu, num_carte, statut, mail) VALUES ('TefihSvQhlbqRTHKhMla', 'Aurore', 'Schmitt', 'y2Fj^7E$$N', '04 95 81 37 71', '42, avenue Delahaye\n44105 Durand-sur-Mer', '4088105323519078', 'BASIC', 'Aurore.Schmitt@gmail.com');
INSERT INTO client (id_client, prenom, nom, mdp, tel, adresse_factu, num_carte, statut, mail) VALUES ('CcXQLVQyXMadjGXdgvGu', 'Audrey', 'Lebrun', '$IAH^gXJJ8', '+33 (0)2 99 46 34 11', 'chemin de Pons\n09789 Saint ÉmileVille', '3522442180309822', 'BASIC', 'Audrey.Lebrun@gmail.com');
INSERT INTO client (id_client, prenom, nom, mdp, tel, adresse_factu, num_carte, statut, mail) VALUES ('SZADnjnVeqqJulmzvtCE', 'Andrée', 'Labbé', 'RnlYHVd9&8', '0278980867', '88, boulevard Laurent\n83514 Chartier-sur-Rodrigues', '4991055297258805', 'BASIC', 'Andrée.Labbé@gmail.com');
INSERT INTO client (id_client, prenom, nom, mdp, tel, adresse_factu, num_carte, statut, mail) VALUES ('mqVdJpokbKUqTvNrisdN', 'Bernard', 'Lemaître', 'U1kx@TFb)@', '0361181375', '1, rue Martineau\n74464 Saint Adélaïdeboeuf', '4282530003378988', 'BASIC', 'Bernard.Lemaître@gmail.com');
INSERT INTO client (id_client, prenom, nom, mdp, tel, adresse_factu, num_carte, statut, mail) VALUES ('NeIsRjKSdcYziKkNjZdC', 'Audrey', 'Gauthier', 'R@1UuRlh$a', '+33 4 49 42 10 27', '3, boulevard de Perret\n30436 DupontBourg', '4624564359225', 'BASIC', 'Audrey.Gauthier@gmail.com');
INSERT INTO client (id_client, prenom, nom, mdp, tel, adresse_factu, num_carte, statut, mail) VALUES ('FHpxAgoQwolqjyHiBqzg', 'René', 'De Sousa', '!d8e1OmtOQ', '04 79 75 64 16', '75, avenue de Lemonnier\n20427 Sainte Virginieboeuf', '6508775990127970', 'BASIC', 'René.De Sousa@gmail.com');
INSERT INTO client (id_client, prenom, nom, mdp, tel, adresse_factu, num_carte, statut, mail) VALUES ('KIEKZHvYKAYkkpDsdaYb', 'François', 'Valentin', 'G3DOT0Ri_Y', '0360394418', '749, boulevard de Auger\n60654 Saint Thibautnec', '4599057719251', 'BASIC', 'François.Valentin@gmail.com');
INSERT INTO client (id_client, prenom, nom, mdp, tel, adresse_factu, num_carte, statut, mail) VALUES ('HkgvZkWytSJzSUJqoEPs', 'Théophile', 'Perrier', 't+cX&t83!8', '0650724386', 'avenue Stéphane Maurice\n85838 Guillot', '3596469191119347', 'BASIC', 'Théophile.Perrier@gmail.com');
INSERT INTO client (id_client, prenom, nom, mdp, tel, adresse_factu, num_carte, statut, mail) VALUES ('MweLedoIWGLzCYdBGUDF', 'Marcelle', 'Lebrun', 'Vb0m4Xg%@G', '01 83 57 55 39', '258, chemin Inès Peltier\n18859 De Sousa-les-Bains', '6011025746680629', 'BASIC', 'Marcelle.Lebrun@gmail.com');
INSERT INTO client (id_client, prenom, nom, mdp, tel, adresse_factu, num_carte, statut, mail) VALUES ('bdTJmCratBRaaYKuILoS', 'Mathilde', 'Roy', '3RDi^z3^)2', '04 91 17 28 46', '902, avenue Auguste Joubert\n34457 Sanchez-sur-Cohen', '36591997739897', 'BASIC', 'Mathilde.Roy@gmail.com');
INSERT INTO client (id_client, prenom, nom, mdp, tel, adresse_factu, num_carte, statut, mail) VALUES ('EqeCCNOURCJaTvmVHHft', 'Robert', 'Gallet', 'mlq3M1cv@x', '04 15 84 55 09', '40, rue Samson\n09998 PeronBourg', '4501478574291286', 'BASIC', 'Robert.Gallet@gmail.com');
INSERT INTO client (id_client, prenom, nom, mdp, tel, adresse_factu, num_carte, statut, mail) VALUES ('xwxfpesFXQZnjiqCMCBM', 'Virginie', 'Lagarde', '!co6O6fX*g', '0236967815', '57, chemin Sophie Dupré\n93552 Riounec', '6547269005563679', 'BASIC', 'Virginie.Lagarde@gmail.com');
INSERT INTO client (id_client, prenom, nom, mdp, tel, adresse_factu, num_carte, statut, mail) VALUES ('ILvrqPdOUACLpbNuQOJv', 'Victoire', 'Deschamps', 'tg5imXnBy!', '03 75 64 16 88', '183, rue de Guichard\n54693 Rodriguez-sur-Mer', '2276137859206677', 'BASIC', 'Victoire.Deschamps@gmail.com');
INSERT INTO client (id_client, prenom, nom, mdp, tel, adresse_factu, num_carte, statut, mail) VALUES ('VqWQSXbqsDZXkHiFDhLu', 'Danielle', 'Duval', 'i@l#2LRz(T', '03 44 02 84 99', '69, rue Delorme\n61471 De Sousa-sur-Mer', '4654152085746490751', 'BASIC', 'Danielle.Duval@gmail.com');
INSERT INTO client (id_client, prenom, nom, mdp, tel, adresse_factu, num_carte, statut, mail) VALUES ('bZiMOXrRKdsFLhseHIJW', 'Christine', 'Bonnin', '*1NYOgemJ*', '0290896577', '991, rue de Maury\n20870 Bailly-la-Forêt', '3526514767232118', 'BASIC', 'Christine.Bonnin@gmail.com');
INSERT INTO client (id_client, prenom, nom, mdp, tel, adresse_factu, num_carte, statut, mail) VALUES ('qLJGqYupnoAugSWKiyQv', 'Susan', 'Charpentier', '%9snDaBkqk', '0473507515', 'rue Wagner\n3064 Blondelnec', '4451490972554780732', 'BASIC', 'Susan.Charpentier@gmail.com');
INSERT INTO client (id_client, prenom, nom, mdp, tel, adresse_factu, num_carte, statut, mail) VALUES ('LgCHXNgnyoiDUchWZRrc', 'Valérie', 'Daniel', '@BNIthEnM5', '04 81 35 79 45', '29, avenue de Lejeune\n43678 Barre', '501867364587', 'BASIC', 'Valérie.Daniel@gmail.com');
INSERT INTO client (id_client, prenom, nom, mdp, tel, adresse_factu, num_carte, statut, mail) VALUES ('dEAACStlNLRAYAMaeSFv', 'Pauline', 'Ribeiro', 'LnoKVcdA@9', '0253261755', '486, avenue Laurent Blanc\n57988 Saint Moniquenec', '4781862053642864', 'BASIC', 'Pauline.Ribeiro@gmail.com');
INSERT INTO client (id_client, prenom, nom, mdp, tel, adresse_factu, num_carte, statut, mail) VALUES ('HivJITHdPSjskOZCMEvn', 'Éric', 'Tessier', 'O7GXSp5i)p', '+33 (0)3 21 00 12 92', '65, rue de Dubois\n97640 Faivre', '503804945130', 'BASIC', 'Éric.Tessier@gmail.com');
INSERT INTO client (id_client, prenom, nom, mdp, tel, adresse_factu, num_carte, statut, mail) VALUES ('lCWkVnLXRBGKqWLXztxA', 'Anne', 'Charpentier', 'U0ad%%Jt!Y', '+33 2 55 26 68 36', '5, boulevard Auguste Étienne\n71808 MaheBourg', '4538987168016914', 'BASIC', 'Anne.Charpentier@gmail.com');
INSERT INTO client (id_client, prenom, nom, mdp, tel, adresse_factu, num_carte, statut, mail) VALUES ('WxRpLZfoNIgLXRekmlIS', 'Maggie', 'Dubois', '_+7JC_IoaW', '+33 1 83 70 83 76', '705, rue de Joly\n93250 Saint Olivier', '4444257354759807', 'BASIC', 'Maggie.Dubois@gmail.com');
INSERT INTO client (id_client, prenom, nom, mdp, tel, adresse_factu, num_carte, statut, mail) VALUES ('fQNVRtgqCSMBtFrSOilI', 'Michelle', 'Breton', '_Bn0KL6v@b', '+33 (0)5 36 94 85 29', 'chemin Pascal\n61732 Denis-les-Bains', '2290167861714758', 'BASIC', 'Michelle.Breton@gmail.com');
INSERT INTO client (id_client, prenom, nom, mdp, tel, adresse_factu, num_carte, statut, mail) VALUES ('mEHzdJVAYrXEubSsmSmP', 'Eugène', 'Charpentier', '_2H@J(b)nt', '05 87 75 62 66', '69, chemin de Royer\n26421 Delahayenec', '346541047120684', 'BASIC', 'Eugène.Charpentier@gmail.com');
INSERT INTO client (id_client, prenom, nom, mdp, tel, adresse_factu, num_carte, statut, mail) VALUES ('ctRWLkqLuTVZycVvswIj', 'Alexandria', 'Gauthier', '49Paguda)j', '0278255369', '71, avenue de Boyer\n72194 Guyon', '3506340452013009', 'BASIC', 'Alexandria.Gauthier@gmail.com');
INSERT INTO client (id_client, prenom, nom, mdp, tel, adresse_factu, num_carte, statut, mail) VALUES ('NajKQlApiFtqDgWTjUyQ', 'Laetitia', 'Jacquet', 'm@!1&eFx4V', '0359180244', '61, avenue de Vincent\n9544 Pons-sur-Gay', '3583801946250958', 'BASIC', 'Laetitia.Jacquet@gmail.com');
INSERT INTO client (id_client, prenom, nom, mdp, tel, adresse_factu, num_carte, statut, mail) VALUES ('rtDxjNDdvMradtoLCUFv', 'Alex', 'Dupuy', '4#D6B!Ks3$', '+33 (0)2 48 47 43 29', '1, rue de Mary\n10343 Micheldan', '30412550303045', 'BASIC', 'Alex.Dupuy@gmail.com');
INSERT INTO client (id_client, prenom, nom, mdp, tel, adresse_factu, num_carte, statut, mail) VALUES ('KqwrWjOsNyPfZuVOItvL', 'Nathalie', 'Picard', '1&18)UlLo4', '+33 (0)2 28 97 54 13', '70, boulevard de Pasquier\n67882 MartineauBourg', '4392072063348863', 'BASIC', 'Nathalie.Picard@gmail.com');
INSERT INTO client (id_client, prenom, nom, mdp, tel, adresse_factu, num_carte, statut, mail) VALUES ('uCGQgWTMZcncSksBUddG', 'Jacques', 'Legros', '^37Q(yz+6@', '0369527289', '94, rue de Charrier\n14656 Pons-sur-Dufour', '501843614808', 'BASIC', 'Jacques.Legros@gmail.com');
INSERT INTO client (id_client, prenom, nom, mdp, tel, adresse_factu, num_carte, statut, mail) VALUES ('EDuzpmKyOpKorRgXlFYD', 'Céline', 'Martins', 'mIXF0@qG#3', '+33 4 98 17 83 09', 'avenue Gilles Petitjean\n64162 Lombard-les-Bains', '4522217686582', 'BASIC', 'Céline.Martins@gmail.com');
INSERT INTO client (id_client, prenom, nom, mdp, tel, adresse_factu, num_carte, statut, mail) VALUES ('yVXAPNaaCgKsgOjWOLkE', 'Virginie', 'Lelièvre', '@3UJgnNBa6', '0352040796', '1, avenue Victoire Briand\n81929 Boutin-la-Forêt', '060459420455', 'BASIC', 'Virginie.Lelièvre@gmail.com');
INSERT INTO client (id_client, prenom, nom, mdp, tel, adresse_factu, num_carte, statut, mail) VALUES ('sTvmnfjmGBZRvizYlIiN', 'Laurent', 'Chauveau', 'RTnIikrG)7', '+33 (0)4 90 39 51 59', '5, rue Hebert\n42403 Sainte David', '3514944615845551', 'BASIC', 'Laurent.Chauveau@gmail.com');
INSERT INTO client (id_client, prenom, nom, mdp, tel, adresse_factu, num_carte, statut, mail) VALUES ('KeVvRHNKKEWiIhvvJwuV', 'Noël', 'Hernandez', 'M@@#6bEtiQ', '0489785915', '53, rue Valentine Gimenez\n95647 Raymond', '4004247423116624243', 'BASIC', 'Noël.Hernandez@gmail.com');
INSERT INTO client (id_client, prenom, nom, mdp, tel, adresse_factu, num_carte, statut, mail) VALUES ('XrhQolPZPAketeMkBFKH', 'Victoire', 'Brunel', 'E&P72BrW#Q', '+33 (0)3 27 11 95 44', '16, chemin Bruneau\n0161 Bouvier-sur-Courtois', '4813732788948849', 'BASIC', 'Victoire.Brunel@gmail.com');
INSERT INTO client (id_client, prenom, nom, mdp, tel, adresse_factu, num_carte, statut, mail) VALUES ('SOTBGbzVkHolPaGbXMgo', 'Denis', 'Masse', '1+f)6$Gly*', '03 71 78 77 73', '6, boulevard Suzanne Perez\n38393 Rocher', '4319775916800258774', 'BASIC', 'Denis.Masse@gmail.com');
INSERT INTO client (id_client, prenom, nom, mdp, tel, adresse_factu, num_carte, statut, mail) VALUES ('NGUZrrMkDfRINXRvMLnB', 'Xavier', 'Lecomte', '8rI0DzRt+2', '+33 (0)4 50 10 59 29', 'avenue de Baron\n1464 Paris', '3543458345230005', 'BASIC', 'Xavier.Lecomte@gmail.com');
INSERT INTO client (id_client, prenom, nom, mdp, tel, adresse_factu, num_carte, statut, mail) VALUES ('YbgfuZWGKjxKLozszkVb', 'Claire', 'Turpin', '_9XSL%eIY_', '+33 (0)2 47 67 34 43', 'rue Christelle Delahaye\n4693 Blondeldan', '6011914208124004', 'BASIC', 'Claire.Turpin@gmail.com');
INSERT INTO client (id_client, prenom, nom, mdp, tel, adresse_factu, num_carte, statut, mail) VALUES ('xFgJGGLijPgvVDoPIyNd', 'Marcel', 'Allard', 'Jtw6cCuqV^', '+33 (0)5 58 84 75 97', '9, rue de Vaillant\n92854 Lemonnier-la-Forêt', '3569291156508493', 'BASIC', 'Marcel.Allard@gmail.com');
INSERT INTO client (id_client, prenom, nom, mdp, tel, adresse_factu, num_carte, statut, mail) VALUES ('DGQMwtiDQJqGINFHafcz', 'Dorothée', 'Lenoir', '#KL8N0naNV', '+33 (0)5 65 50 75 64', '7, avenue de Ribeiro\n97432 Raynaud-sur-Mer', '370367639855837', 'BASIC', 'Dorothée.Lenoir@gmail.com');
INSERT INTO client (id_client, prenom, nom, mdp, tel, adresse_factu, num_carte, statut, mail) VALUES ('HJSPxxNnjMzMMumXJCfy', 'Jérôme', 'Dumont', 'IhlW)7Fe6^', '+33 (0)2 29 60 43 59', 'rue Susan Bodin\n28669 Perez-la-Forêt', '3505268451548447', 'BASIC', 'Jérôme.Dumont@gmail.com');
INSERT INTO client (id_client, prenom, nom, mdp, tel, adresse_factu, num_carte, statut, mail) VALUES ('RqwNKJxTRACoLjOXsetr', 'Jacqueline', 'Étienne', '8hCrn^00#1', '+33 (0)3 44 15 85 83', '369, chemin Marques\n47152 Jourdan', '341664969724492', 'BASIC', 'Jacqueline.Étienne@gmail.com');
INSERT INTO client (id_client, prenom, nom, mdp, tel, adresse_factu, num_carte, statut, mail) VALUES ('nnESFPayoygBchEIUbQD', 'Odette', 'Reynaud', 'T^s4Jj+JR!', '04 22 01 55 30', '13, rue Guyon\n20361 Durand-la-Forêt', '3596197679124261', 'BASIC', 'Odette.Reynaud@gmail.com');
INSERT INTO client (id_client, prenom, nom, mdp, tel, adresse_factu, num_carte, statut, mail) VALUES ('gaWfsguYdMKSvkaUbkER', 'Agathe', 'Gallet', '@gsTWPatL2', '05 87 55 97 42', '97, boulevard Martel\n92468 Merlenec', '3575352651308730', 'BASIC', 'Agathe.Gallet@gmail.com');
INSERT INTO client (id_client, prenom, nom, mdp, tel, adresse_factu, num_carte, statut, mail) VALUES ('oyQlhOrLNGkVNgWczDvH', 'Juliette', 'Perrot', 'Z$0vJUdfT%', '+33 3 20 31 22 63', '46, avenue Bousquet\n37688 Saint Bertrand', '346099171210508', 'BASIC', 'Juliette.Perrot@gmail.com');
INSERT INTO client (id_client, prenom, nom, mdp, tel, adresse_factu, num_carte, statut, mail) VALUES ('ZNkFjkpRWbFAtoHtDcAb', 'Grégoire', 'Delattre', '!1*Zb$jg9L', '03 71 76 30 37', '1, boulevard Poulain\n87225 Dubois-la-Forêt', '6011839261680727', 'BASIC', 'Grégoire.Delattre@gmail.com');
INSERT INTO client (id_client, prenom, nom, mdp, tel, adresse_factu, num_carte, statut, mail) VALUES ('rqtNeVocfLDdSVQqllpa', 'Stéphane', 'Bazin', '8)DQX0di+%', '+33 3 25 96 88 23', 'avenue Victoire Hubert\n12915 RenaultVille', '4465792636469892834', 'BASIC', 'Stéphane.Bazin@gmail.com');
INSERT INTO client (id_client, prenom, nom, mdp, tel, adresse_factu, num_carte, statut, mail) VALUES ('zsZztTuYTjsEoEcFFhxM', 'Rémy', 'Marion', ')0Qyb91wlc', '0517975201', '509, rue Adèle Laroche\n07309 Camus-sur-Allard', '675967444067', 'BASIC', 'Rémy.Marion@gmail.com');
INSERT INTO client (id_client, prenom, nom, mdp, tel, adresse_factu, num_carte, statut, mail) VALUES ('YhYsqYIECPSknlMkAsyT', 'Joséphine', 'Sauvage', 'MJlo1KdMZ$', '+33 3 66 65 67 89', '9, boulevard Adèle Grégoire\n27186 Sainte Victorboeuf', '3591950894448443', 'BASIC', 'Joséphine.Sauvage@gmail.com');
INSERT INTO client (id_client, prenom, nom, mdp, tel, adresse_factu, num_carte, statut, mail) VALUES ('qUKalFfxropazcYMiNOQ', 'Dominique', 'Pages', '+C+G5eSx@4', '03 52 37 30 78', '23, rue Humbert\n51176 Lenoir', '345843995898258', 'BASIC', 'Dominique.Pages@gmail.com');
INSERT INTO client (id_client, prenom, nom, mdp, tel, adresse_factu, num_carte, statut, mail) VALUES ('uzlaVycNbWmOQBgtNqLM', 'Adrien', 'Paris', 'v+68PCrtrE', '02 14 71 06 35', '831, chemin de Legros\n3172 Lebon', '676131679372', 'BASIC', 'Adrien.Paris@gmail.com');
INSERT INTO client (id_client, prenom, nom, mdp, tel, adresse_factu, num_carte, statut, mail) VALUES ('QfgqkmBJNFmxtERWUNov', 'Yves', 'Bonnin', 'bDZle)Nb(9', '+33 1 55 28 84 65', '96, avenue de Boulanger\n0635 Hoareau', '213126785162864', 'BASIC', 'Yves.Bonnin@gmail.com');
INSERT INTO client (id_client, prenom, nom, mdp, tel, adresse_factu, num_carte, statut, mail) VALUES ('LAcqcUIJcokSEDaHflQo', 'Thomas', 'Sauvage', 'Kv9C*FEdh)', '0188372037', '23, avenue Paul\n15807 Ledoux-sur-Andre', '3523768300027681', 'BASIC', 'Thomas.Sauvage@gmail.com');
INSERT INTO client (id_client, prenom, nom, mdp, tel, adresse_factu, num_carte, statut, mail) VALUES ('uLEkZbgnBHpSUdnBEgZu', 'Margot', 'Étienne', 'N%5AJ$Kx$5', '0492396993', '16, chemin Carre\n527 Joubert', '676103779556', 'BASIC', 'Margot.Étienne@gmail.com');
INSERT INTO client (id_client, prenom, nom, mdp, tel, adresse_factu, num_carte, statut, mail) VALUES ('hQdKDlAAwqmsHZerIlrp', 'Gérard', 'Menard', 'W1QAPnpE#3', '0415716461', '3, rue Aimée Marie\n5258 Guyot', '213196318398475', 'BASIC', 'Gérard.Menard@gmail.com');
INSERT INTO client (id_client, prenom, nom, mdp, tel, adresse_factu, num_carte, statut, mail) VALUES ('ZnpGHUFtULnrepFqangu', 'Virginie', 'Dupré', '+%3L@wNchW', '0360644296', 'boulevard de Thibault\n52637 Laroche', '060484785633', 'BASIC', 'Virginie.Dupré@gmail.com');
INSERT INTO client (id_client, prenom, nom, mdp, tel, adresse_factu, num_carte, statut, mail) VALUES ('pbzggKsHzGJkFsqGKoQL', 'Antoinette', 'Ferreira', 'wY2No9R7*8', '+33 (0)4 78 40 49 79', '60, chemin Brunel\n75828 Regnier', '38301033642354', 'BASIC', 'Antoinette.Ferreira@gmail.com');
INSERT INTO client (id_client, prenom, nom, mdp, tel, adresse_factu, num_carte, statut, mail) VALUES ('UkkFnYjlCWLwaJPbomlS', 'Gérard', 'Boulay', ')b4PlOAM^9', '+33 (0)5 31 85 78 05', '6, avenue Allard\n78160 GauthierBourg', '3504372630779385', 'BASIC', 'Gérard.Boulay@gmail.com');
INSERT INTO client (id_client, prenom, nom, mdp, tel, adresse_factu, num_carte, statut, mail) VALUES ('iaIheYSUzEsdGWEwMTwW', 'Laurent', 'Ramos', 'aycSuweB+5', '+33 (0)4 99 92 15 62', '26, chemin de Deschamps\n72106 Saint GuillaumeVille', '4033501495388696', 'BASIC', 'Laurent.Ramos@gmail.com');
INSERT INTO client (id_client, prenom, nom, mdp, tel, adresse_factu, num_carte, statut, mail) VALUES ('ULIuLmKrCJShtaQymeEm', 'Adrienne', 'Ferrand', '2j0JFH8t@y', '03 29 58 94 72', '32, avenue Jacqueline Delahaye\n10574 Saint Corinne', '3569287152736948', 'BASIC', 'Adrienne.Ferrand@gmail.com');
INSERT INTO client (id_client, prenom, nom, mdp, tel, adresse_factu, num_carte, statut, mail) VALUES ('LozXNYTcGETlliDKmpzg', 'Guy', 'Renaud', '$PpMe(kI9i', '+33 (0)4 90 52 98 46', '1, rue de Gautier\n27891 Saint Capucinenec', '6011576108594493', 'BASIC', 'Guy.Renaud@gmail.com');
INSERT INTO client (id_client, prenom, nom, mdp, tel, adresse_factu, num_carte, statut, mail) VALUES ('UUdwOeVtLPiAfchlaWUG', 'Christelle', 'Guillot', '#$@O1Wwr0v', '+33 (0)4 72 84 68 83', '16, rue Navarro\n07736 Legros-la-Forêt', '3557030075834778', 'BASIC', 'Christelle.Guillot@gmail.com');
INSERT INTO client (id_client, prenom, nom, mdp, tel, adresse_factu, num_carte, statut, mail) VALUES ('RmeOZFaYEhoAYCkPIofz', 'Aimé', 'Cordier', '+QZ09Pl&pG', '01 55 80 84 16', '16, rue de Gimenez\n33216 Leleu', '675934367649', 'BASIC', 'Aimé.Cordier@gmail.com');
INSERT INTO client (id_client, prenom, nom, mdp, tel, adresse_factu, num_carte, statut, mail) VALUES ('UVBScsgSNrdDFupGmrlm', 'Honoré', 'Valette', '2*3SwJ!G*k', '05 65 32 01 73', 'rue Mercier\n81407 PerrotBourg', '4899578875068230166', 'BASIC', 'Honoré.Valette@gmail.com');
INSERT INTO client (id_client, prenom, nom, mdp, tel, adresse_factu, num_carte, statut, mail) VALUES ('ZlWXFjXXKiKaAzvcbQXD', 'Adrien', 'Leclercq', 'hS9CJoZ9@T', '0141229163', '669, chemin Lagarde\n30858 Sainte Jérôme', '3582289880810329', 'BASIC', 'Adrien.Leclercq@gmail.com');
INSERT INTO client (id_client, prenom, nom, mdp, tel, adresse_factu, num_carte, statut, mail) VALUES ('egHodvWsrgvNUALuhIZW', 'Gabrielle', 'Coste', 'leC9N*zxE#', '+33 5 62 56 76 27', 'boulevard de Texier\n33474 Guillot-sur-Regnier', '4358267891030285', 'BASIC', 'Gabrielle.Coste@gmail.com');
INSERT INTO client (id_client, prenom, nom, mdp, tel, adresse_factu, num_carte, statut, mail) VALUES ('jqREgWKEfQSGzZsAWOfi', 'Manon', 'Baudry', 'H$9!dQe@6j', '+33 (0)2 28 94 94 76', '16, chemin de Bousquet\n93908 Saint AdèleBourg', '180099351903533', 'BASIC', 'Manon.Baudry@gmail.com');
INSERT INTO client (id_client, prenom, nom, mdp, tel, adresse_factu, num_carte, statut, mail) VALUES ('JcsCKfeyQUAAftbMCPzR', 'Gérard', 'Fernandes', 'X7(hfjXd)5', '+33 3 22 59 33 73', '13, chemin de Lecoq\n83640 Chauvin-les-Bains', '3500933656570042', 'BASIC', 'Gérard.Fernandes@gmail.com');
INSERT INTO client (id_client, prenom, nom, mdp, tel, adresse_factu, num_carte, statut, mail) VALUES ('FYBFBHGxheSUSjsTaukH', 'Augustin', 'Rivière', 'lh_$E8Nhk$', '+33 (0)2 50 15 30 05', '52, chemin Evrard\n61292 Marie-les-Bains', '5338356849001753', 'BASIC', 'Augustin.Rivière@gmail.com');
INSERT INTO client (id_client, prenom, nom, mdp, tel, adresse_factu, num_carte, statut, mail) VALUES ('AWmtfXnTrGXrLSWnPHzT', 'Pierre', 'Lopez', 'ji)9EMrf@D', '+33 1 55 74 68 22', '68, boulevard Couturier\n85117 Bouvet', '4148881607210422', 'BASIC', 'Pierre.Lopez@gmail.com');

INSERT INTO produit (id_produit, nom, prix, disponibilite) VALUES (0, 'Gerbera', 5, "A l'année");
INSERT INTO produit (id_produit, nom, prix, disponibilite) VALUES (1, 'Ginger', 4, "A l'année");
INSERT INTO produit (id_produit, nom, prix, disponibilite) VALUES (2, 'Glaïeul', 1, 'Mai à novembre');
INSERT INTO produit (id_produit, nom, prix, disponibilite) VALUES (3, 'Marguerite', 2.25, "A l'année");
INSERT INTO produit (id_produit, nom, prix, disponibilite) VALUES (4, 'Rose rouge', 2.5, "A l'année");

INSERT INTO bouquet_standard (id_bs, nom, prix, composition, categorie) VALUES (0, 'Gros Merci', 45, 'Arrangement floral avec marguerites et verdure', 'Toute occasion');
INSERT INTO bouquet_standard (id_bs, nom, prix, composition, categorie) VALUES (1, "L'amoureux", 65, 'Arrangement floral avec roses blanches et roses', 'St-Valentin');
INSERT INTO bouquet_standard (id_bs, nom, prix, composition, categorie) VALUES (2, "L'Exotique", 40, 'Arrangement floral avec ginger, oiseaux du paradis, roses et genet', 'Toute occasion');
INSERT INTO bouquet_standard (id_bs, nom, prix, composition, categorie) VALUES (3, 'Maman', 80, 'Arrangement floral avec gerbera, roses blanches, lys et alstroméria', 'Fête des mères');
INSERT INTO bouquet_standard (id_bs, nom, prix, composition, categorie) VALUES (4, 'Vive la mariée', 120, 'Arrangement floral avec lys et orchidées', 'Mariage');

INSERT INTO bouquet_perso (id_bp, description_bp, prix_max) VALUES ('fcAWyDSQohIFZESekBgV', 'Arrangement floral avec Rose rouge', 130);
INSERT INTO bouquet_perso (id_bp, description_bp, prix_max) VALUES ('qXAxyHARXtLHCqUhuNDp', 'Arrangement floral avec Glaïeul', 20);
INSERT INTO bouquet_perso (id_bp, description_bp, prix_max) VALUES ('esuloAAZbnqfVhGbVckM', 'Arrangement floral avec Glaïeul', 170);
INSERT INTO bouquet_perso (id_bp, description_bp, prix_max) VALUES ('TNmNyCmrVroJaYQHUthl', 'Arrangement floral avec Rose rouge, Marguerite', 100);
INSERT INTO bouquet_perso (id_bp, description_bp, prix_max) VALUES ('eNQyRZqRSSrLppboRivY', 'Arrangement floral avec Gerbera', 80);
INSERT INTO bouquet_perso (id_bp, description_bp, prix_max) VALUES ('QKHMxCtevvcFWvxmxeQS', 'Arrangement floral avec Marguerite, Glaïeul, Ginger', 60);
INSERT INTO bouquet_perso (id_bp, description_bp, prix_max) VALUES ('ErBwaFIXApzWvqKCqCXn', 'Arrangement floral avec Gerbera, Glaïeul', 50);
INSERT INTO bouquet_perso (id_bp, description_bp, prix_max) VALUES ('QjrZKumJnuNAzbbQlTNK', 'Arrangement floral avec Ginger, Marguerite, Glaïeul', 170);
INSERT INTO bouquet_perso (id_bp, description_bp, prix_max) VALUES ('mTHEmIiASeAVYHOOfNbf', 'Arrangement floral avec Gerbera, Marguerite, Rose rouge', 70);
INSERT INTO bouquet_perso (id_bp, description_bp, prix_max) VALUES ('QvtUBcBdFGFivJeWczBY', 'Arrangement floral avec Ginger, Gerbera, Rose rouge', 190);
INSERT INTO bouquet_perso (id_bp, description_bp, prix_max) VALUES ('phwdHZMFCisLiBNTHHrw', 'Arrangement floral avec Glaïeul, Marguerite, Gerbera', 60);
INSERT INTO bouquet_perso (id_bp, description_bp, prix_max) VALUES ('lVjFzgrQdjNtFkxfaFZK', 'Arrangement floral avec Ginger', 70);
INSERT INTO bouquet_perso (id_bp, description_bp, prix_max) VALUES ('eJdTKpbfkcYNPHMfLntr', 'Arrangement floral avec Ginger, Glaïeul, Rose rouge', 90);
INSERT INTO bouquet_perso (id_bp, description_bp, prix_max) VALUES ('ZneRNtEHkGKyXSMnqLEv', 'Arrangement floral avec Ginger, Glaïeul', 110);
INSERT INTO bouquet_perso (id_bp, description_bp, prix_max) VALUES ('ubLyGAXvGyqPjsbjopuh', 'Arrangement floral avec Glaïeul, Marguerite, Ginger', 110);
INSERT INTO bouquet_perso (id_bp, description_bp, prix_max) VALUES ('ohlbXbNKnIFgeiYatyZw', 'Arrangement floral avec Gerbera, Rose rouge, Glaïeul', 110);
INSERT INTO bouquet_perso (id_bp, description_bp, prix_max) VALUES ('YDzYiMqYwGKxWGubEJgF', 'Arrangement floral avec Marguerite, Ginger, Rose rouge', 140);
INSERT INTO bouquet_perso (id_bp, description_bp, prix_max) VALUES ('JpMiaVdKgwQFxIkBMJYC', 'Arrangement floral avec Marguerite', 10);
INSERT INTO bouquet_perso (id_bp, description_bp, prix_max) VALUES ('YVAkiatVDDdQMhMzzjfZ', 'Arrangement floral avec Ginger, Glaïeul', 70);
INSERT INTO bouquet_perso (id_bp, description_bp, prix_max) VALUES ('cUKgovbLGHOTVASkpryu', 'Arrangement floral avec Ginger', 10);
INSERT INTO bouquet_perso (id_bp, description_bp, prix_max) VALUES ('HgKTQQDjQOVxUFljtTEp', 'Arrangement floral avec Marguerite, Glaïeul', 170);
INSERT INTO bouquet_perso (id_bp, description_bp, prix_max) VALUES ('DKWLAgfWlSjVorjkUXsr', 'Arrangement floral avec Ginger, Glaïeul, Gerbera', 60);
INSERT INTO bouquet_perso (id_bp, description_bp, prix_max) VALUES ('JLXQhAmjVTViCERQVxal', 'Arrangement floral avec Gerbera, Glaïeul, Rose rouge', 50);
INSERT INTO bouquet_perso (id_bp, description_bp, prix_max) VALUES ('UEMTBjZtCbwvFjJRexsX', 'Arrangement floral avec Ginger', 50);
INSERT INTO bouquet_perso (id_bp, description_bp, prix_max) VALUES ('JBbxDcrpWlCuOFTRJnAe', 'Arrangement floral avec Gerbera', 60);
INSERT INTO bouquet_perso (id_bp, description_bp, prix_max) VALUES ('RqczCmuPbvoYYfhGWmmw', 'Arrangement floral avec Marguerite, Rose rouge', 190);
INSERT INTO bouquet_perso (id_bp, description_bp, prix_max) VALUES ('vJfSvnwfMbFCGArTJSvk', 'Arrangement floral avec Glaïeul, Rose rouge, Ginger', 150);
INSERT INTO bouquet_perso (id_bp, description_bp, prix_max) VALUES ('JPDpOhrQSpILYwpxNPSS', 'Arrangement floral avec Glaïeul, Marguerite, Gerbera', 20);
INSERT INTO bouquet_perso (id_bp, description_bp, prix_max) VALUES ('vOpKNywoQnzCjCfxGOXY', 'Arrangement floral avec Glaïeul, Rose rouge, Gerbera', 180);
INSERT INTO bouquet_perso (id_bp, description_bp, prix_max) VALUES ('MehPgWiibxKrbqVUKqoA', 'Arrangement floral avec Glaïeul', 60);
INSERT INTO bouquet_perso (id_bp, description_bp, prix_max) VALUES ('jcBRRbRVMEwWJKxlWetO', 'Arrangement floral avec Marguerite, Gerbera', 100);
INSERT INTO bouquet_perso (id_bp, description_bp, prix_max) VALUES ('HXKRNpDZwDowbjTQGafw', 'Arrangement floral avec Marguerite, Gerbera, Glaïeul', 140);
INSERT INTO bouquet_perso (id_bp, description_bp, prix_max) VALUES ('OWiKLnaupppVkMlFuFGf', 'Arrangement floral avec Marguerite', 160);
INSERT INTO bouquet_perso (id_bp, description_bp, prix_max) VALUES ('YIorbAbJFqYkmZvRJpjI', 'Arrangement floral avec Gerbera', 90);
INSERT INTO bouquet_perso (id_bp, description_bp, prix_max) VALUES ('OIdCKWfLeqZWiSMGWGJr', 'Arrangement floral avec Rose rouge, Glaïeul, Gerbera', 180);
INSERT INTO bouquet_perso (id_bp, description_bp, prix_max) VALUES ('koTKTPzcxwiUNwDIbZGh', 'Arrangement floral avec Glaïeul, Gerbera, Rose rouge', 180);
INSERT INTO bouquet_perso (id_bp, description_bp, prix_max) VALUES ('WyXntLTiBQzEOHGamjOT', 'Arrangement floral avec Rose rouge, Marguerite', 110);
INSERT INTO bouquet_perso (id_bp, description_bp, prix_max) VALUES ('FWpwWsdcTHUALCcXVDXQ', 'Arrangement floral avec Marguerite, Gerbera, Rose rouge', 170);
INSERT INTO bouquet_perso (id_bp, description_bp, prix_max) VALUES ('QeCXoCDpIjeFBadwQtXF', 'Arrangement floral avec Gerbera, Marguerite, Ginger', 80);
INSERT INTO bouquet_perso (id_bp, description_bp, prix_max) VALUES ('nCPjDzqYMRIJBnIpVfIw', 'Arrangement floral avec Ginger, Gerbera, Rose rouge', 80);
INSERT INTO bouquet_perso (id_bp, description_bp, prix_max) VALUES ('GcDBpOkirONvvrXdxRzQ', 'Arrangement floral avec Gerbera', 190);
INSERT INTO bouquet_perso (id_bp, description_bp, prix_max) VALUES ('vVDcptcTAlFTgzGAgMYa', 'Arrangement floral avec Marguerite, Glaïeul, Gerbera', 160);
INSERT INTO bouquet_perso (id_bp, description_bp, prix_max) VALUES ('CBwxOFGYLEXVHkXlmeHw', 'Arrangement floral avec Glaïeul, Gerbera, Rose rouge', 120);
INSERT INTO bouquet_perso (id_bp, description_bp, prix_max) VALUES ('LCTHLBGBySDnoqmnxdCp', 'Arrangement floral avec Glaïeul, Marguerite', 170);
INSERT INTO bouquet_perso (id_bp, description_bp, prix_max) VALUES ('wFErUqpYWIEAyTXOJjWX', 'Arrangement floral avec Glaïeul', 10);
INSERT INTO bouquet_perso (id_bp, description_bp, prix_max) VALUES ('EfqAFLEkkVrNaBJxhdgW', 'Arrangement floral avec Rose rouge, Ginger, Marguerite', 60);
INSERT INTO bouquet_perso (id_bp, description_bp, prix_max) VALUES ('jmGeTjCfotazSHLidAtQ', 'Arrangement floral avec Ginger', 60);
INSERT INTO bouquet_perso (id_bp, description_bp, prix_max) VALUES ('EZQNXuNQzwGtOzmAaRir', 'Arrangement floral avec Ginger, Rose rouge, Glaïeul', 100);
INSERT INTO bouquet_perso (id_bp, description_bp, prix_max) VALUES ('VedMirzZtYJBNGtLKaXw', 'Arrangement floral avec Gerbera', 90);
INSERT INTO bouquet_perso (id_bp, description_bp, prix_max) VALUES ('XfiaEXGHBJmZPPqoRmOI', 'Arrangement floral avec Gerbera, Ginger, Glaïeul', 10);
INSERT INTO bouquet_perso (id_bp, description_bp, prix_max) VALUES ('NDMLneKopNGkjzXZVzZE', 'Arrangement floral avec Marguerite, Glaïeul', 110);
INSERT INTO bouquet_perso (id_bp, description_bp, prix_max) VALUES ('SwFUWacPALQoPMCsuUEg', 'Arrangement floral avec Marguerite, Gerbera, Ginger', 110);
INSERT INTO bouquet_perso (id_bp, description_bp, prix_max) VALUES ('MOYoubvOxchOPVOhGCCk', 'Arrangement floral avec Gerbera, Rose rouge', 80);
INSERT INTO bouquet_perso (id_bp, description_bp, prix_max) VALUES ('eULvlFSzqtWUmUGiRBmO', 'Arrangement floral avec Glaïeul, Rose rouge, Gerbera', 140);
INSERT INTO bouquet_perso (id_bp, description_bp, prix_max) VALUES ('zHePbYudKauxWXSWvJDu', 'Arrangement floral avec Gerbera', 120);

INSERT INTO boutique (id_boutique, adresse) VALUES ('HKAKkJxZrdOsUywgDifr', '81, rue Riou\n39992 Sainte Raymond');
INSERT INTO boutique (id_boutique, adresse) VALUES ('gzBJvPJaVuWwUiTWGMcI', 'avenue Godard\n29142 Bourdon');
INSERT INTO boutique (id_boutique, adresse) VALUES ('nyOSkzFuDwFJYrKZeFXI', '574, chemin Collet\n58191 Delmas');
INSERT INTO boutique (id_boutique, adresse) VALUES ('TdDCmHwqkvTkTPHlqTSL', '41, boulevard Loiseau\n20344 Mahedan');
INSERT INTO boutique (id_boutique, adresse) VALUES ('QHIOngiJTndzvTSvZNWA', 'avenue Henri Schmitt\n25703 Allain');

INSERT INTO commande (id_commande, id_client, id_boutique, id_bouquet, est_standard, date_commande, etat, prix_tot) VALUES ('OYgGrzokiFWLDbbTSMCf', 'RqwNKJxTRACoLjOXsetr', 'gzBJvPJaVuWwUiTWGMcI', 'fcAWyDSQohIFZESekBgV', False, '2022/10/26', 'CC', 130.0);
INSERT INTO commande (id_commande, id_client, id_boutique, id_bouquet, est_standard, date_commande, etat, date_livraison, prix_tot) VALUES ('AckzjUaakPvRQJpIfrqM', 'ZNkFjkpRWbFAtoHtDcAb', 'gzBJvPJaVuWwUiTWGMcI', 1, True, '2022/02/14', 'CL', '2022/02/28', 65);
INSERT INTO commande (id_commande, id_client, id_boutique, id_bouquet, est_standard, date_commande, etat, prix_tot) VALUES ('OYWmwUsHVyfJpzJQFSce', 'sTvmnfjmGBZRvizYlIiN', 'HKAKkJxZrdOsUywgDifr', 2, True, '2022/03/18', 'CC', 40);
INSERT INTO commande (id_commande, id_client, id_boutique, id_bouquet, est_standard, date_commande, etat, prix_tot) VALUES ('zLqCCDULHwDJGROYyQMW', 'HkgvZkWytSJzSUJqoEPs', 'gzBJvPJaVuWwUiTWGMcI', 3, True, '2022/06/16', 'VINV', 80);
INSERT INTO commande (id_commande, id_client, id_boutique, id_bouquet, est_standard, date_commande, etat, prix_tot) VALUES ('EtXGqPlAOiJVYIeeHeRT', 'ILvrqPdOUACLpbNuQOJv', 'QHIOngiJTndzvTSvZNWA', 'qXAxyHARXtLHCqUhuNDp', False, '2022/05/04', 'CPAV', 20);
INSERT INTO commande (id_commande, id_client, id_boutique, id_bouquet, est_standard, date_commande, etat, date_livraison, prix_tot) VALUES ('pJLVYgbVElUqOkwkzWKo', 'uzlaVycNbWmOQBgtNqLM', 'QHIOngiJTndzvTSvZNWA', 'esuloAAZbnqfVhGbVckM', False, '2023/03/02', 'CL', '2023/03/18', 170);
INSERT INTO commande (id_commande, id_client, id_boutique, id_bouquet, est_standard, date_commande, etat, prix_tot) VALUES ('EDKMXhLTNbxHOdbZROjN', 'MweLedoIWGLzCYdBGUDF', 'nyOSkzFuDwFJYrKZeFXI', 2, True, '2022/11/06', 'CC', 40);
INSERT INTO commande (id_commande, id_client, id_boutique, id_bouquet, est_standard, date_commande, etat, prix_tot) VALUES ('iJTmcTSiztaeAlpQixaI', 'XbFYQQNybwzrqFWTOJiE', 'HKAKkJxZrdOsUywgDifr', 4, True, '2023/01/25', 'CAL', 120);
INSERT INTO commande (id_commande, id_client, id_boutique, id_bouquet, est_standard, date_commande, etat, prix_tot) VALUES ('AGzEclQOqlLeldRdTFNp', 'BlSjoUxZFGLhluJVMRqg', 'TdDCmHwqkvTkTPHlqTSL', 1, True, '2022/10/08', 'VINV', 65);
INSERT INTO commande (id_commande, id_client, id_boutique, id_bouquet, est_standard, date_commande, etat, date_livraison, prix_tot) VALUES ('ZECrTWMkqJlyZEMIWsoM', 'MweLedoIWGLzCYdBGUDF', 'HKAKkJxZrdOsUywgDifr', 1, True, '2022/06/06', 'CL', '2022/06/23', 65);
INSERT INTO commande (id_commande, id_client, id_boutique, id_bouquet, est_standard, date_commande, etat, date_livraison, prix_tot) VALUES ('NuCgiVurJSvloBJjsJUH', 'dEAACStlNLRAYAMaeSFv', 'nyOSkzFuDwFJYrKZeFXI', 'TNmNyCmrVroJaYQHUthl', False, '2022/07/19', 'CL', '2022/07/27', 99.5);
INSERT INTO commande (id_commande, id_client, id_boutique, id_bouquet, est_standard, date_commande, etat, prix_tot) VALUES ('rwUFyuYIqujcUHvshMmv', 'sTvmnfjmGBZRvizYlIiN', 'QHIOngiJTndzvTSvZNWA', 4, True, '2023/03/18', 'CC', 120);
INSERT INTO commande (id_commande, id_client, id_boutique, id_bouquet, est_standard, date_commande, etat, prix_tot) VALUES ('WloqKrozOCOlbecwbwQj', 'yVXAPNaaCgKsgOjWOLkE', 'TdDCmHwqkvTkTPHlqTSL', 0, True, '2023/01/12', 'CAL', 45);
INSERT INTO commande (id_commande, id_client, id_boutique, id_bouquet, est_standard, date_commande, etat, prix_tot) VALUES ('xcWvXuBXUZgOBMuUckQT', 'FYBFBHGxheSUSjsTaukH', 'TdDCmHwqkvTkTPHlqTSL', 'eNQyRZqRSSrLppboRivY', False, '2023/05/05', 'CAL', 80);
INSERT INTO commande (id_commande, id_client, id_boutique, id_bouquet, est_standard, date_commande, etat, prix_tot) VALUES ('lPNdesXtrReaXdAkgYPf', 'SZADnjnVeqqJulmzvtCE', 'QHIOngiJTndzvTSvZNWA', 1, True, '2022/08/13', 'VINV', 65);
INSERT INTO commande (id_commande, id_client, id_boutique, id_bouquet, est_standard, date_commande, etat, prix_tot) VALUES ('AtdJOUdTLdWhWKPEvxmE', 'MrLBkWLWXepZBdtmCHjs', 'gzBJvPJaVuWwUiTWGMcI', 'QKHMxCtevvcFWvxmxeQS', False, '2023/01/25', 'CAL', 60.25);
INSERT INTO commande (id_commande, id_client, id_boutique, id_bouquet, est_standard, date_commande, etat, prix_tot) VALUES ('ZtNawGWNvsfwcZcUGZyG', 'gaWfsguYdMKSvkaUbkER', 'HKAKkJxZrdOsUywgDifr', 'ErBwaFIXApzWvqKCqCXn', False, '2023/04/07', 'CAL', 50);
INSERT INTO commande (id_commande, id_client, id_boutique, id_bouquet, est_standard, date_commande, etat, prix_tot) VALUES ('KhbflpYjhXWMjOBrPFlF', 'JiyiMtmkHwklLBooXYvk', 'HKAKkJxZrdOsUywgDifr', 3, True, '2023/04/07', 'CAL', 80);
INSERT INTO commande (id_commande, id_client, id_boutique, id_bouquet, est_standard, date_commande, etat, prix_tot) VALUES ('ECjHnVMlTqUFxZvHdGyL', 'KeVvRHNKKEWiIhvvJwuV', 'nyOSkzFuDwFJYrKZeFXI', 'QjrZKumJnuNAzbbQlTNK', False, '2022/03/24', 'CC', 169.25);
INSERT INTO commande (id_commande, id_client, id_boutique, id_bouquet, est_standard, date_commande, etat, prix_tot) VALUES ('FdGiQwDonALgQTrOLTii', 'HivJITHdPSjskOZCMEvn', 'gzBJvPJaVuWwUiTWGMcI', 2, True, '2023/05/03', 'CAL', 40);
INSERT INTO commande (id_commande, id_client, id_boutique, id_bouquet, est_standard, date_commande, etat, date_livraison, prix_tot) VALUES ('RswXoWODMRABTwUUswSm', 'LNcTJFBvGYcllzYoaaQJ', 'QHIOngiJTndzvTSvZNWA', 'mTHEmIiASeAVYHOOfNbf', False, '2022/03/13', 'CL', '2022/04/01', 70.0);
INSERT INTO commande (id_commande, id_client, id_boutique, id_bouquet, est_standard, date_commande, etat, prix_tot) VALUES ('eMGYmGZZTcdfBfnNmjkg', 'uYtHpFVQLbOVcGhkkATa', 'TdDCmHwqkvTkTPHlqTSL', 'QvtUBcBdFGFivJeWczBY', False, '2022/03/20', 'CC', 191.5);
INSERT INTO commande (id_commande, id_client, id_boutique, id_bouquet, est_standard, date_commande, etat, prix_tot) VALUES ('mNFSypKSstiChrFQNevP', 'mEetdOvdwPaxWPeODKQj', 'QHIOngiJTndzvTSvZNWA', 'phwdHZMFCisLiBNTHHrw', False, '2022/06/17', 'CAL', 60.25);
INSERT INTO commande (id_commande, id_client, id_boutique, id_bouquet, est_standard, date_commande, etat, prix_tot) VALUES ('LkPVVNWIkNfGnZnYnTxR', 'SOTBGbzVkHolPaGbXMgo', 'nyOSkzFuDwFJYrKZeFXI', 'lVjFzgrQdjNtFkxfaFZK', False, '2022/07/18', 'CAL', 72);
INSERT INTO commande (id_commande, id_client, id_boutique, id_bouquet, est_standard, date_commande, etat, prix_tot) VALUES ('ABdKJxqHPCtAeFdrXwcT', 'bZiMOXrRKdsFLhseHIJW', 'nyOSkzFuDwFJYrKZeFXI', 'eJdTKpbfkcYNPHMfLntr', False, '2023/03/20', 'CPAV', 92.0);
INSERT INTO commande (id_commande, id_client, id_boutique, id_bouquet, est_standard, date_commande, etat, prix_tot) VALUES ('DpficwLNAXxomDJxLqlV', 'sTvmnfjmGBZRvizYlIiN', 'TdDCmHwqkvTkTPHlqTSL', 'ZneRNtEHkGKyXSMnqLEv', False, '2023/02/16', 'CPAV', 111);
INSERT INTO commande (id_commande, id_client, id_boutique, id_bouquet, est_standard, date_commande, etat, prix_tot) VALUES ('mWTrHjHFMlRVCwhUHOxB', 'CcXQLVQyXMadjGXdgvGu', 'TdDCmHwqkvTkTPHlqTSL', 'ubLyGAXvGyqPjsbjopuh', False, '2022/01/02', 'CC', 109.0);
INSERT INTO commande (id_commande, id_client, id_boutique, id_bouquet, est_standard, date_commande, etat, prix_tot) VALUES ('NcHuiLeyblTbqjYHRDTa', 'xFgJGGLijPgvVDoPIyNd', 'nyOSkzFuDwFJYrKZeFXI', 'ohlbXbNKnIFgeiYatyZw', False, '2022/08/26', 'CAL', 109.5);
INSERT INTO commande (id_commande, id_client, id_boutique, id_bouquet, est_standard, date_commande, etat, prix_tot) VALUES ('tthZplwpdsSQwFoVsqZr', 'uzlaVycNbWmOQBgtNqLM', 'QHIOngiJTndzvTSvZNWA', 'YDzYiMqYwGKxWGubEJgF', False, '2023/03/26', 'CPAV', 142.75);
INSERT INTO commande (id_commande, id_client, id_boutique, id_bouquet, est_standard, date_commande, etat, date_livraison, prix_tot) VALUES ('ofzXqIqJdEXpjQbXFhnJ', 'egHodvWsrgvNUALuhIZW', 'gzBJvPJaVuWwUiTWGMcI', 3, True, '2023/03/07', 'CL', '2023/03/22', 80);
INSERT INTO commande (id_commande, id_client, id_boutique, id_bouquet, est_standard, date_commande, etat, prix_tot) VALUES ('CycnEcXMAVIayacKAOeN', 'EDuzpmKyOpKorRgXlFYD', 'gzBJvPJaVuWwUiTWGMcI', 'JpMiaVdKgwQFxIkBMJYC', False, '2022/12/04', 'CAL', 9.0);
INSERT INTO commande (id_commande, id_client, id_boutique, id_bouquet, est_standard, date_commande, etat, prix_tot) VALUES ('dJubScmqqdPYyIVKWwct', 'zsZztTuYTjsEoEcFFhxM', 'TdDCmHwqkvTkTPHlqTSL', 'YVAkiatVDDdQMhMzzjfZ', False, '2023/04/15', 'CAL', 71);
INSERT INTO commande (id_commande, id_client, id_boutique, id_bouquet, est_standard, date_commande, etat, date_livraison, prix_tot) VALUES ('mNCzLCtPmayyMktixwCu', 'mqVdJpokbKUqTvNrisdN', 'HKAKkJxZrdOsUywgDifr', 3, True, '2022/05/31', 'CL', '2022/06/18', 80);
INSERT INTO commande (id_commande, id_client, id_boutique, id_bouquet, est_standard, date_commande, etat, prix_tot) VALUES ('RPePaUYXKjKxxqaNkIHu', 'VHcjDptPmqBHQvCSERWf', 'TdDCmHwqkvTkTPHlqTSL', 'cUKgovbLGHOTVASkpryu', False, '2022/04/26', 'CPAV', 8);
INSERT INTO commande (id_commande, id_client, id_boutique, id_bouquet, est_standard, date_commande, etat, prix_tot) VALUES ('UIbTLdFsTgCRNJSQsVSx', 'GmImMZyXdMchcIjdqZpq', 'nyOSkzFuDwFJYrKZeFXI', 'HgKTQQDjQOVxUFljtTEp', False, '2023/04/27', 'CAL', 170.5);
INSERT INTO commande (id_commande, id_client, id_boutique, id_bouquet, est_standard, date_commande, etat, prix_tot) VALUES ('EAnqzWiYCzdJgwgsGqJR', 'YbgfuZWGKjxKLozszkVb', 'QHIOngiJTndzvTSvZNWA', 'DKWLAgfWlSjVorjkUXsr', False, '2022/07/31', 'CAL', 60);
INSERT INTO commande (id_commande, id_client, id_boutique, id_bouquet, est_standard, date_commande, etat, date_livraison, prix_tot) VALUES ('mCuXhEXOGUnQtZniLSAD', 'LozXNYTcGETlliDKmpzg', 'QHIOngiJTndzvTSvZNWA', 'JLXQhAmjVTViCERQVxal', False, '2022/03/14', 'CL', '2022/03/26', 49.5);
INSERT INTO commande (id_commande, id_client, id_boutique, id_bouquet, est_standard, date_commande, etat, prix_tot) VALUES ('grkRQFWRtdnHwYDwFZlL', 'qgfcjuAkjBizAPENGaJF', 'gzBJvPJaVuWwUiTWGMcI', 1, True, '2022/02/05', 'VINV', 65);
INSERT INTO commande (id_commande, id_client, id_boutique, id_bouquet, est_standard, date_commande, etat, prix_tot) VALUES ('oLWFeCIExJptAoiNpXOm', 'mEHzdJVAYrXEubSsmSmP', 'TdDCmHwqkvTkTPHlqTSL', 3, True, '2022/09/06', 'CC', 80);
INSERT INTO commande (id_commande, id_client, id_boutique, id_bouquet, est_standard, date_commande, etat, date_livraison, prix_tot) VALUES ('VVLhIuddkGxhIXqoGqDK', 'XrhQolPZPAketeMkBFKH', 'QHIOngiJTndzvTSvZNWA', 1, True, '2022/02/01', 'CL', '2022/02/09', 65);
INSERT INTO commande (id_commande, id_client, id_boutique, id_bouquet, est_standard, date_commande, etat, prix_tot) VALUES ('jFEmPedZQIzXjtKsURpa', 'sTvmnfjmGBZRvizYlIiN', 'TdDCmHwqkvTkTPHlqTSL', 4, True, '2023/03/13', 'CAL', 120);
INSERT INTO commande (id_commande, id_client, id_boutique, id_bouquet, est_standard, date_commande, etat, prix_tot) VALUES ('CYCLyZEWcOlxefmQUBxS', 'aprDwUYkKAmVxmHpDEbD', 'gzBJvPJaVuWwUiTWGMcI', 4, True, '2023/01/02', 'VINV', 120);
INSERT INTO commande (id_commande, id_client, id_boutique, id_bouquet, est_standard, date_commande, etat, prix_tot) VALUES ('QoKpUaKyPovkCjquKagJ', 'umDnCrXzVExDbZesbhwc', 'HKAKkJxZrdOsUywgDifr', 'UEMTBjZtCbwvFjJRexsX', False, '2022/01/28', 'CC', 48);
INSERT INTO commande (id_commande, id_client, id_boutique, id_bouquet, est_standard, date_commande, etat, prix_tot) VALUES ('cztULfuuSlRyfcexsbOT', 'ILvrqPdOUACLpbNuQOJv', 'QHIOngiJTndzvTSvZNWA', 2, True, '2022/01/02', 'CC', 40);
INSERT INTO commande (id_commande, id_client, id_boutique, id_bouquet, est_standard, date_commande, etat, prix_tot) VALUES ('DlGqsrEiWedjlVeXuLQS', 'uLEkZbgnBHpSUdnBEgZu', 'nyOSkzFuDwFJYrKZeFXI', 1, True, '2023/01/10', 'VINV', 65);
INSERT INTO commande (id_commande, id_client, id_boutique, id_bouquet, est_standard, date_commande, etat, prix_tot) VALUES ('ExZjjxoWuhVUKXtNnWzt', 'KeVvRHNKKEWiIhvvJwuV', 'QHIOngiJTndzvTSvZNWA', 1, True, '2022/06/23', 'VINV', 65);
INSERT INTO commande (id_commande, id_client, id_boutique, id_bouquet, est_standard, date_commande, etat, date_livraison, prix_tot) VALUES ('jQutSgHmbudjiSpbesNr', 'muIECFJIRyaaxsIoBQrL', 'gzBJvPJaVuWwUiTWGMcI', 1, True, '2022/03/29', 'CL', '2022/03/29', 65);
INSERT INTO commande (id_commande, id_client, id_boutique, id_bouquet, est_standard, date_commande, etat, prix_tot) VALUES ('TCtDNTzvvqEYfhmwnynm', 'dEAACStlNLRAYAMaeSFv', 'QHIOngiJTndzvTSvZNWA', 0, True, '2022/02/11', 'CAL', 45);
INSERT INTO commande (id_commande, id_client, id_boutique, id_bouquet, est_standard, date_commande, etat, date_livraison, prix_tot) VALUES ('SsSJrmqRRVXBOSqhNVSu', 'aprDwUYkKAmVxmHpDEbD', 'TdDCmHwqkvTkTPHlqTSL', 'JBbxDcrpWlCuOFTRJnAe', False, '2022/01/06', 'CL', '2022/01/16', 60);
INSERT INTO commande (id_commande, id_client, id_boutique, id_bouquet, est_standard, date_commande, etat, prix_tot) VALUES ('azmBWSvoTYloXpZjzwIC', 'dUhGcRLRsqasKrVaRSYQ', 'TdDCmHwqkvTkTPHlqTSL', 'RqczCmuPbvoYYfhGWmmw', False, '2023/03/11', 'CPAV', 189.5);
INSERT INTO commande (id_commande, id_client, id_boutique, id_bouquet, est_standard, date_commande, etat, prix_tot) VALUES ('JsOcgQkkPdItccJAHtPa', 'bZiMOXrRKdsFLhseHIJW', 'gzBJvPJaVuWwUiTWGMcI', 0, True, '2022/04/03', 'CC', 45);
INSERT INTO commande (id_commande, id_client, id_boutique, id_bouquet, est_standard, date_commande, etat, date_livraison, prix_tot) VALUES ('bPxnJupZdplPHropHHQZ', 'jqREgWKEfQSGzZsAWOfi', 'TdDCmHwqkvTkTPHlqTSL', 4, True, '2023/01/08', 'CL', '2023/01/10', 120);
INSERT INTO commande (id_commande, id_client, id_boutique, id_bouquet, est_standard, date_commande, etat, prix_tot) VALUES ('OdlIbtYUGiuUvImVxEbB', 'ctRWLkqLuTVZycVvswIj', 'nyOSkzFuDwFJYrKZeFXI', 'vJfSvnwfMbFCGArTJSvk', False, '2022/02/21', 'CC', 148.0);
INSERT INTO commande (id_commande, id_client, id_boutique, id_bouquet, est_standard, date_commande, etat, prix_tot) VALUES ('nPpcYUdkrFyaGTiFxTyK', 'gbilAcbyvWKqrwOikQUZ', 'TdDCmHwqkvTkTPHlqTSL', 'JPDpOhrQSpILYwpxNPSS', False, '2022/08/20', 'CC', 18.75);
INSERT INTO commande (id_commande, id_client, id_boutique, id_bouquet, est_standard, date_commande, etat, prix_tot) VALUES ('cMYAzzzZLVBksfsodUbE', 'XrhQolPZPAketeMkBFKH', 'QHIOngiJTndzvTSvZNWA', 'vOpKNywoQnzCjCfxGOXY', False, '2022/08/25', 'CAL', 180.0);
INSERT INTO commande (id_commande, id_client, id_boutique, id_bouquet, est_standard, date_commande, etat, prix_tot) VALUES ('yoYdamCfvhCWCKLQWjCc', 'VHcjDptPmqBHQvCSERWf', 'gzBJvPJaVuWwUiTWGMcI', 'MehPgWiibxKrbqVUKqoA', False, '2022/06/21', 'CPAV', 60);
INSERT INTO commande (id_commande, id_client, id_boutique, id_bouquet, est_standard, date_commande, etat, prix_tot) VALUES ('VyylymChLAnLUgaOBmPx', 'AWmtfXnTrGXrLSWnPHzT', 'gzBJvPJaVuWwUiTWGMcI', 'jcBRRbRVMEwWJKxlWetO', False, '2023/04/22', 'CAL', 99.5);
INSERT INTO commande (id_commande, id_client, id_boutique, id_bouquet, est_standard, date_commande, etat, date_livraison, prix_tot) VALUES ('eDsvegGQUgKZkZKxqIfu', 'TCMLAAbdQDETIbRjeUvo', 'gzBJvPJaVuWwUiTWGMcI', 'HXKRNpDZwDowbjTQGafw', False, '2022/07/25', 'CL', '2022/08/11', 139.25);
INSERT INTO commande (id_commande, id_client, id_boutique, id_bouquet, est_standard, date_commande, etat, prix_tot) VALUES ('vyUqDSzyiEEXZQbHjOwb', 'WxRpLZfoNIgLXRekmlIS', 'QHIOngiJTndzvTSvZNWA', 'OWiKLnaupppVkMlFuFGf', False, '2022/04/11', 'CAL', 159.75);
INSERT INTO commande (id_commande, id_client, id_boutique, id_bouquet, est_standard, date_commande, etat, prix_tot) VALUES ('HlzUAsVewFFWLCYsZXMu', 'rqtNeVocfLDdSVQqllpa', 'gzBJvPJaVuWwUiTWGMcI', 'YIorbAbJFqYkmZvRJpjI', False, '2022/10/05', 'CC', 90);
INSERT INTO commande (id_commande, id_client, id_boutique, id_bouquet, est_standard, date_commande, etat, prix_tot) VALUES ('EhsBbwZVDxUkQTKjanQF', 'yCNpHZLhdQnsaxZOPepQ', 'HKAKkJxZrdOsUywgDifr', 'OIdCKWfLeqZWiSMGWGJr', False, '2023/04/23', 'CC', 180.0);
INSERT INTO commande (id_commande, id_client, id_boutique, id_bouquet, est_standard, date_commande, etat, prix_tot) VALUES ('tYDokZyaJSOarFkPEqAd', 'nKOtJtBmRoEGmobkXBCu', 'gzBJvPJaVuWwUiTWGMcI', 'koTKTPzcxwiUNwDIbZGh', False, '2023/02/08', 'CPAV', 180.0);
INSERT INTO commande (id_commande, id_client, id_boutique, id_bouquet, est_standard, date_commande, etat, prix_tot) VALUES ('FWpUdyGtNSfEKbpJdtLy', 'JcsCKfeyQUAAftbMCPzR', 'TdDCmHwqkvTkTPHlqTSL', 1, True, '2022/07/26', 'CC', 65);
INSERT INTO commande (id_commande, id_client, id_boutique, id_bouquet, est_standard, date_commande, etat, prix_tot) VALUES ('lMqxMwCLxhxtoDFsfZxj', 'xFgJGGLijPgvVDoPIyNd', 'TdDCmHwqkvTkTPHlqTSL', 'WyXntLTiBQzEOHGamjOT', False, '2023/01/21', 'CC', 109.0);
INSERT INTO commande (id_commande, id_client, id_boutique, id_bouquet, est_standard, date_commande, etat, prix_tot) VALUES ('jEtpSFNOgevRBlronNXZ', 'dUhGcRLRsqasKrVaRSYQ', 'TdDCmHwqkvTkTPHlqTSL', 'FWpwWsdcTHUALCcXVDXQ', False, '2022/03/10', 'CAL', 168.75);
INSERT INTO commande (id_commande, id_client, id_boutique, id_bouquet, est_standard, date_commande, etat, prix_tot) VALUES ('BGMwjSFfqgvchFsODXDm', 'NeIsRjKSdcYziKkNjZdC', 'nyOSkzFuDwFJYrKZeFXI', 0, True, '2022/02/10', 'VINV', 45);
INSERT INTO commande (id_commande, id_client, id_boutique, id_bouquet, est_standard, date_commande, etat, date_livraison, prix_tot) VALUES ('EFTIdCAcMEAHANAFSWJJ', 'dhOwXNYkuDmeLPhEdHfp', 'nyOSkzFuDwFJYrKZeFXI', 'QeCXoCDpIjeFBadwQtXF', False, '2023/03/20', 'CL', '2023/03/27', 80.0);
INSERT INTO commande (id_commande, id_client, id_boutique, id_bouquet, est_standard, date_commande, etat, prix_tot) VALUES ('iuNVwpTYjVyjIAjuhJmW', 'KeVvRHNKKEWiIhvvJwuV', 'HKAKkJxZrdOsUywgDifr', 1, True, '2022/02/15', 'VINV', 65);
INSERT INTO commande (id_commande, id_client, id_boutique, id_bouquet, est_standard, date_commande, etat, prix_tot) VALUES ('JUnHHrLaqtyunAPbIjEc', 'ULIuLmKrCJShtaQymeEm', 'gzBJvPJaVuWwUiTWGMcI', 2, True, '2022/11/11', 'CC', 40);
INSERT INTO commande (id_commande, id_client, id_boutique, id_bouquet, est_standard, date_commande, etat, prix_tot) VALUES ('FsOBupJUQKaVPgbNyWgj', 'ULIuLmKrCJShtaQymeEm', 'QHIOngiJTndzvTSvZNWA', 'nCPjDzqYMRIJBnIpVfIw', False, '2022/10/18', 'CAL', 80.5);
INSERT INTO commande (id_commande, id_client, id_boutique, id_bouquet, est_standard, date_commande, etat, prix_tot) VALUES ('yToqbvffCtwNpBoIrXcC', 'LAcqcUIJcokSEDaHflQo', 'gzBJvPJaVuWwUiTWGMcI', 'GcDBpOkirONvvrXdxRzQ', False, '2023/02/26', 'CAL', 190);
INSERT INTO commande (id_commande, id_client, id_boutique, id_bouquet, est_standard, date_commande, etat, date_livraison, prix_tot) VALUES ('GGkkOVKkxkBzgSfprhNa', 'CcXQLVQyXMadjGXdgvGu', 'QHIOngiJTndzvTSvZNWA', 2, True, '2022/09/18', 'CL', '2022/09/20', 40);
INSERT INTO commande (id_commande, id_client, id_boutique, id_bouquet, est_standard, date_commande, etat, prix_tot) VALUES ('nZCjuFDTsUiWOYPGlQlI', 'UUdwOeVtLPiAfchlaWUG', 'nyOSkzFuDwFJYrKZeFXI', 'vVDcptcTAlFTgzGAgMYa', False, '2022/05/17', 'CPAV', 162.0);
INSERT INTO commande (id_commande, id_client, id_boutique, id_bouquet, est_standard, date_commande, etat, date_livraison, prix_tot) VALUES ('NpWMIGcWhKwtItTndPvm', 'FHpxAgoQwolqjyHiBqzg', 'QHIOngiJTndzvTSvZNWA', 'CBwxOFGYLEXVHkXlmeHw', False, '2022/04/03', 'CL', '2022/04/13', 120.0);
INSERT INTO commande (id_commande, id_client, id_boutique, id_bouquet, est_standard, date_commande, etat, prix_tot) VALUES ('nJhTXToZEzMBiCqyizFw', 'zsZztTuYTjsEoEcFFhxM', 'QHIOngiJTndzvTSvZNWA', 2, True, '2022/03/25', 'CAL', 40);
INSERT INTO commande (id_commande, id_client, id_boutique, id_bouquet, est_standard, date_commande, etat, prix_tot) VALUES ('MWVgxEvMWfRzAuvDfeaC', 'HivJITHdPSjskOZCMEvn', 'HKAKkJxZrdOsUywgDifr', 2, True, '2022/04/10', 'CAL', 40);
INSERT INTO commande (id_commande, id_client, id_boutique, id_bouquet, est_standard, date_commande, etat, prix_tot) VALUES ('yudAePgosvixzznkvYXW', 'rtDxjNDdvMradtoLCUFv', 'QHIOngiJTndzvTSvZNWA', 'LCTHLBGBySDnoqmnxdCp', False, '2022/11/14', 'CAL', 170.5);
INSERT INTO commande (id_commande, id_client, id_boutique, id_bouquet, est_standard, date_commande, etat, prix_tot) VALUES ('hVeuaDaIKIGQobzlgwYS', 'XrhQolPZPAketeMkBFKH', 'QHIOngiJTndzvTSvZNWA', 'wFErUqpYWIEAyTXOJjWX', False, '2022/12/19', 'CPAV', 10);
INSERT INTO commande (id_commande, id_client, id_boutique, id_bouquet, est_standard, date_commande, etat, date_livraison, prix_tot) VALUES ('UyriWXFNxPEPrdVfqYxN', 'gbilAcbyvWKqrwOikQUZ', 'TdDCmHwqkvTkTPHlqTSL', 'EfqAFLEkkVrNaBJxhdgW', False, '2022/05/09', 'CL', '2022/05/27', 60.25);
INSERT INTO commande (id_commande, id_client, id_boutique, id_bouquet, est_standard, date_commande, etat, prix_tot) VALUES ('doaIfblIZfAMNASGmtpp', 'DGQMwtiDQJqGINFHafcz', 'QHIOngiJTndzvTSvZNWA', 3, True, '2022/12/08', 'VINV', 80);
INSERT INTO commande (id_commande, id_client, id_boutique, id_bouquet, est_standard, date_commande, etat, prix_tot) VALUES ('qHwwvTTLQbApzQcaRist', 'MrLBkWLWXepZBdtmCHjs', 'TdDCmHwqkvTkTPHlqTSL', 4, True, '2023/03/18', 'CC', 120);
INSERT INTO commande (id_commande, id_client, id_boutique, id_bouquet, est_standard, date_commande, etat, prix_tot) VALUES ('JfwTvWDmiffRiUbwJjlM', 'xwxfpesFXQZnjiqCMCBM', 'nyOSkzFuDwFJYrKZeFXI', 'jmGeTjCfotazSHLidAtQ', False, '2022/04/10', 'CAL', 60);
INSERT INTO commande (id_commande, id_client, id_boutique, id_bouquet, est_standard, date_commande, etat, prix_tot) VALUES ('nbFLwAXZjUhiLeCnygQT', 'pbzggKsHzGJkFsqGKoQL', 'QHIOngiJTndzvTSvZNWA', 'EZQNXuNQzwGtOzmAaRir', False, '2022/02/10', 'CPAV', 97.5);
INSERT INTO commande (id_commande, id_client, id_boutique, id_bouquet, est_standard, date_commande, etat, prix_tot) VALUES ('KqsrJvsrnsauktMQyCCq', 'HxzUNrfyVKGIvPLAtkXW', 'HKAKkJxZrdOsUywgDifr', 3, True, '2023/01/25', 'CAL', 80);
INSERT INTO commande (id_commande, id_client, id_boutique, id_bouquet, est_standard, date_commande, etat, date_livraison, prix_tot) VALUES ('BNKoGtrUEOXbUfUuNkXQ', 'umDnCrXzVExDbZesbhwc', 'HKAKkJxZrdOsUywgDifr', 'VedMirzZtYJBNGtLKaXw', False, '2022/05/13', 'CL', '2022/05/24', 90);
INSERT INTO commande (id_commande, id_client, id_boutique, id_bouquet, est_standard, date_commande, etat, prix_tot) VALUES ('QsQfSQPCGJuXeCwTQpdm', 'NfAFMqTefUwPzhvlmWzL', 'QHIOngiJTndzvTSvZNWA', 0, True, '2022/11/20', 'VINV', 45);
INSERT INTO commande (id_commande, id_client, id_boutique, id_bouquet, est_standard, date_commande, etat, prix_tot) VALUES ('hipHbneouafWRuQhZpMx', 'TCMLAAbdQDETIbRjeUvo', 'gzBJvPJaVuWwUiTWGMcI', 'XfiaEXGHBJmZPPqoRmOI', False, '2022/12/23', 'CAL', 12);
INSERT INTO commande (id_commande, id_client, id_boutique, id_bouquet, est_standard, date_commande, etat, prix_tot) VALUES ('ivLfXFWCNGZRvQuVJazS', 'pbzggKsHzGJkFsqGKoQL', 'TdDCmHwqkvTkTPHlqTSL', 'NDMLneKopNGkjzXZVzZE', False, '2023/01/24', 'CC', 109.0);
INSERT INTO commande (id_commande, id_client, id_boutique, id_bouquet, est_standard, date_commande, etat, prix_tot) VALUES ('pYWJjNMXFrumZTOnzFmt', 'SOTBGbzVkHolPaGbXMgo', 'HKAKkJxZrdOsUywgDifr', 3, True, '2022/04/13', 'CAL', 80);
INSERT INTO commande (id_commande, id_client, id_boutique, id_bouquet, est_standard, date_commande, etat, date_livraison, prix_tot) VALUES ('duncNPyDIoaFXZYEbbvz', 'SOTBGbzVkHolPaGbXMgo', 'gzBJvPJaVuWwUiTWGMcI', 4, True, '2022/07/31', 'CL', '2022/08/16', 120);
INSERT INTO commande (id_commande, id_client, id_boutique, id_bouquet, est_standard, date_commande, etat, prix_tot) VALUES ('wtMkHVLXpZTlXyIVfVuz', 'VOjDuAAQGScpgLwNgUhv', 'QHIOngiJTndzvTSvZNWA', 0, True, '2022/01/26', 'VINV', 45);
INSERT INTO commande (id_commande, id_client, id_boutique, id_bouquet, est_standard, date_commande, etat, prix_tot) VALUES ('TEBJfgqQdFyQGdJKhrHH', 'HJSPxxNnjMzMMumXJCfy', 'QHIOngiJTndzvTSvZNWA', 3, True, '2022/11/08', 'CC', 80);
INSERT INTO commande (id_commande, id_client, id_boutique, id_bouquet, est_standard, date_commande, etat, prix_tot) VALUES ('ArLUYTzJfEvcbalkURBk', 'yCNpHZLhdQnsaxZOPepQ', 'QHIOngiJTndzvTSvZNWA', 1, True, '2022/01/21', 'CC', 65);
INSERT INTO commande (id_commande, id_client, id_boutique, id_bouquet, est_standard, date_commande, etat, prix_tot) VALUES ('kJBbyrBiLcrNCbYczLYX', 'JiyiMtmkHwklLBooXYvk', 'QHIOngiJTndzvTSvZNWA', 4, True, '2022/10/02', 'CC', 120);
INSERT INTO commande (id_commande, id_client, id_boutique, id_bouquet, est_standard, date_commande, etat, prix_tot) VALUES ('sGinWgVGmPOjlfuRxpBY', 'HivJITHdPSjskOZCMEvn', 'gzBJvPJaVuWwUiTWGMcI', 2, True, '2022/11/25', 'CC', 40);
INSERT INTO commande (id_commande, id_client, id_boutique, id_bouquet, est_standard, date_commande, etat, date_livraison, prix_tot) VALUES ('RBeFEYCZeIfbXinXZryv', 'yCNpHZLhdQnsaxZOPepQ', 'gzBJvPJaVuWwUiTWGMcI', 'SwFUWacPALQoPMCsuUEg', False, '2023/02/06', 'CL', '2023/02/14', 107.0);
INSERT INTO commande (id_commande, id_client, id_boutique, id_bouquet, est_standard, date_commande, etat, prix_tot) VALUES ('rnpWpRYVTWBwtdvcDifv', 'HUkqqIuCpwwwESlegOrd', 'TdDCmHwqkvTkTPHlqTSL', 'MOYoubvOxchOPVOhGCCk', False, '2022/11/27', 'CAL', 80.0);
INSERT INTO commande (id_commande, id_client, id_boutique, id_bouquet, est_standard, date_commande, etat, date_livraison, prix_tot) VALUES ('NIwDPwtGASjIXqDTnaJu', 'QfgqkmBJNFmxtERWUNov', 'TdDCmHwqkvTkTPHlqTSL', 'eULvlFSzqtWUmUGiRBmO', False, '2023/02/09', 'CL', '2023/02/12', 139.5);
INSERT INTO commande (id_commande, id_client, id_boutique, id_bouquet, est_standard, date_commande, etat, prix_tot) VALUES ('HBOaMFbfdBMIDfkpGoFE', 'EDuzpmKyOpKorRgXlFYD', 'gzBJvPJaVuWwUiTWGMcI', 'zHePbYudKauxWXSWvJDu', False, '2022/05/20', 'CC', 120);
INSERT INTO commande (id_commande, id_client, id_boutique, id_bouquet, est_standard, date_commande, etat, prix_tot) VALUES ('pIgXthJpjAJUjQgvOaSD', 'dEAACStlNLRAYAMaeSFv', 'QHIOngiJTndzvTSvZNWA', 4, True, '2023/01/31', 'CC', 120);

INSERT INTO composition_bouquet (id_bp, id_produit, quantite) VALUES ('fcAWyDSQohIFZESekBgV', 4, 52);
INSERT INTO composition_bouquet (id_bp, id_produit, quantite) VALUES ('qXAxyHARXtLHCqUhuNDp', 2, 20);
INSERT INTO composition_bouquet (id_bp, id_produit, quantite) VALUES ('esuloAAZbnqfVhGbVckM', 2, 170);
INSERT INTO composition_bouquet (id_bp, id_produit, quantite) VALUES ('TNmNyCmrVroJaYQHUthl', 4, 20);
INSERT INTO composition_bouquet (id_bp, id_produit, quantite) VALUES ('TNmNyCmrVroJaYQHUthl', 3, 22);
INSERT INTO composition_bouquet (id_bp, id_produit, quantite) VALUES ('eNQyRZqRSSrLppboRivY', 0, 16);
INSERT INTO composition_bouquet (id_bp, id_produit, quantite) VALUES ('QKHMxCtevvcFWvxmxeQS', 3, 9);
INSERT INTO composition_bouquet (id_bp, id_produit, quantite) VALUES ('QKHMxCtevvcFWvxmxeQS', 2, 20);
INSERT INTO composition_bouquet (id_bp, id_produit, quantite) VALUES ('QKHMxCtevvcFWvxmxeQS', 1, 5);
INSERT INTO composition_bouquet (id_bp, id_produit, quantite) VALUES ('ErBwaFIXApzWvqKCqCXn', 0, 5);
INSERT INTO composition_bouquet (id_bp, id_produit, quantite) VALUES ('ErBwaFIXApzWvqKCqCXn', 2, 25);
INSERT INTO composition_bouquet (id_bp, id_produit, quantite) VALUES ('QjrZKumJnuNAzbbQlTNK', 1, 14);
INSERT INTO composition_bouquet (id_bp, id_produit, quantite) VALUES ('QjrZKumJnuNAzbbQlTNK', 3, 25);
INSERT INTO composition_bouquet (id_bp, id_produit, quantite) VALUES ('QjrZKumJnuNAzbbQlTNK', 2, 57);
INSERT INTO composition_bouquet (id_bp, id_produit, quantite) VALUES ('mTHEmIiASeAVYHOOfNbf', 0, 5);
INSERT INTO composition_bouquet (id_bp, id_produit, quantite) VALUES ('mTHEmIiASeAVYHOOfNbf', 3, 10);
INSERT INTO composition_bouquet (id_bp, id_produit, quantite) VALUES ('mTHEmIiASeAVYHOOfNbf', 4, 9);
INSERT INTO composition_bouquet (id_bp, id_produit, quantite) VALUES ('QvtUBcBdFGFivJeWczBY', 1, 16);
INSERT INTO composition_bouquet (id_bp, id_produit, quantite) VALUES ('QvtUBcBdFGFivJeWczBY', 0, 13);
INSERT INTO composition_bouquet (id_bp, id_produit, quantite) VALUES ('QvtUBcBdFGFivJeWczBY', 4, 25);
INSERT INTO composition_bouquet (id_bp, id_produit, quantite) VALUES ('phwdHZMFCisLiBNTHHrw', 2, 20);
INSERT INTO composition_bouquet (id_bp, id_produit, quantite) VALUES ('phwdHZMFCisLiBNTHHrw', 3, 9);
INSERT INTO composition_bouquet (id_bp, id_produit, quantite) VALUES ('phwdHZMFCisLiBNTHHrw', 0, 4);
INSERT INTO composition_bouquet (id_bp, id_produit, quantite) VALUES ('lVjFzgrQdjNtFkxfaFZK', 1, 18);
INSERT INTO composition_bouquet (id_bp, id_produit, quantite) VALUES ('eJdTKpbfkcYNPHMfLntr', 1, 8);
INSERT INTO composition_bouquet (id_bp, id_produit, quantite) VALUES ('eJdTKpbfkcYNPHMfLntr', 2, 30);
INSERT INTO composition_bouquet (id_bp, id_produit, quantite) VALUES ('eJdTKpbfkcYNPHMfLntr', 4, 12);
INSERT INTO composition_bouquet (id_bp, id_produit, quantite) VALUES ('ZneRNtEHkGKyXSMnqLEv', 1, 14);
INSERT INTO composition_bouquet (id_bp, id_produit, quantite) VALUES ('ZneRNtEHkGKyXSMnqLEv', 2, 55);
INSERT INTO composition_bouquet (id_bp, id_produit, quantite) VALUES ('ubLyGAXvGyqPjsbjopuh', 2, 37);
INSERT INTO composition_bouquet (id_bp, id_produit, quantite) VALUES ('ubLyGAXvGyqPjsbjopuh', 3, 16);
INSERT INTO composition_bouquet (id_bp, id_produit, quantite) VALUES ('ubLyGAXvGyqPjsbjopuh', 1, 9);
INSERT INTO composition_bouquet (id_bp, id_produit, quantite) VALUES ('ohlbXbNKnIFgeiYatyZw', 0, 7);
INSERT INTO composition_bouquet (id_bp, id_produit, quantite) VALUES ('ohlbXbNKnIFgeiYatyZw', 4, 15);
INSERT INTO composition_bouquet (id_bp, id_produit, quantite) VALUES ('ohlbXbNKnIFgeiYatyZw', 2, 37);
INSERT INTO composition_bouquet (id_bp, id_produit, quantite) VALUES ('YDzYiMqYwGKxWGubEJgF', 3, 21);
INSERT INTO composition_bouquet (id_bp, id_produit, quantite) VALUES ('YDzYiMqYwGKxWGubEJgF', 1, 12);
INSERT INTO composition_bouquet (id_bp, id_produit, quantite) VALUES ('YDzYiMqYwGKxWGubEJgF', 4, 19);
INSERT INTO composition_bouquet (id_bp, id_produit, quantite) VALUES ('JpMiaVdKgwQFxIkBMJYC', 3, 4);
INSERT INTO composition_bouquet (id_bp, id_produit, quantite) VALUES ('YVAkiatVDDdQMhMzzjfZ', 1, 9);
INSERT INTO composition_bouquet (id_bp, id_produit, quantite) VALUES ('YVAkiatVDDdQMhMzzjfZ', 2, 35);
INSERT INTO composition_bouquet (id_bp, id_produit, quantite) VALUES ('cUKgovbLGHOTVASkpryu', 1, 2);
INSERT INTO composition_bouquet (id_bp, id_produit, quantite) VALUES ('HgKTQQDjQOVxUFljtTEp', 3, 38);
INSERT INTO composition_bouquet (id_bp, id_produit, quantite) VALUES ('HgKTQQDjQOVxUFljtTEp', 2, 85);
INSERT INTO composition_bouquet (id_bp, id_produit, quantite) VALUES ('DKWLAgfWlSjVorjkUXsr', 1, 5);
INSERT INTO composition_bouquet (id_bp, id_produit, quantite) VALUES ('DKWLAgfWlSjVorjkUXsr', 2, 20);
INSERT INTO composition_bouquet (id_bp, id_produit, quantite) VALUES ('DKWLAgfWlSjVorjkUXsr', 0, 4);
INSERT INTO composition_bouquet (id_bp, id_produit, quantite) VALUES ('JLXQhAmjVTViCERQVxal', 0, 3);
INSERT INTO composition_bouquet (id_bp, id_produit, quantite) VALUES ('JLXQhAmjVTViCERQVxal', 2, 17);
INSERT INTO composition_bouquet (id_bp, id_produit, quantite) VALUES ('JLXQhAmjVTViCERQVxal', 4, 7);
INSERT INTO composition_bouquet (id_bp, id_produit, quantite) VALUES ('UEMTBjZtCbwvFjJRexsX', 1, 12);
INSERT INTO composition_bouquet (id_bp, id_produit, quantite) VALUES ('JBbxDcrpWlCuOFTRJnAe', 0, 12);
INSERT INTO composition_bouquet (id_bp, id_produit, quantite) VALUES ('RqczCmuPbvoYYfhGWmmw', 3, 42);
INSERT INTO composition_bouquet (id_bp, id_produit, quantite) VALUES ('RqczCmuPbvoYYfhGWmmw', 4, 38);
INSERT INTO composition_bouquet (id_bp, id_produit, quantite) VALUES ('vJfSvnwfMbFCGArTJSvk', 2, 50);
INSERT INTO composition_bouquet (id_bp, id_produit, quantite) VALUES ('vJfSvnwfMbFCGArTJSvk', 4, 20);
INSERT INTO composition_bouquet (id_bp, id_produit, quantite) VALUES ('vJfSvnwfMbFCGArTJSvk', 1, 12);
INSERT INTO composition_bouquet (id_bp, id_produit, quantite) VALUES ('JPDpOhrQSpILYwpxNPSS', 2, 7);
INSERT INTO composition_bouquet (id_bp, id_produit, quantite) VALUES ('JPDpOhrQSpILYwpxNPSS', 3, 3);
INSERT INTO composition_bouquet (id_bp, id_produit, quantite) VALUES ('JPDpOhrQSpILYwpxNPSS', 0, 1);
INSERT INTO composition_bouquet (id_bp, id_produit, quantite) VALUES ('vOpKNywoQnzCjCfxGOXY', 2, 60);
INSERT INTO composition_bouquet (id_bp, id_produit, quantite) VALUES ('vOpKNywoQnzCjCfxGOXY', 4, 24);
INSERT INTO composition_bouquet (id_bp, id_produit, quantite) VALUES ('vOpKNywoQnzCjCfxGOXY', 0, 12);
INSERT INTO composition_bouquet (id_bp, id_produit, quantite) VALUES ('MehPgWiibxKrbqVUKqoA', 2, 60);
INSERT INTO composition_bouquet (id_bp, id_produit, quantite) VALUES ('jcBRRbRVMEwWJKxlWetO', 3, 22);
INSERT INTO composition_bouquet (id_bp, id_produit, quantite) VALUES ('jcBRRbRVMEwWJKxlWetO', 0, 10);
INSERT INTO composition_bouquet (id_bp, id_produit, quantite) VALUES ('HXKRNpDZwDowbjTQGafw', 3, 21);
INSERT INTO composition_bouquet (id_bp, id_produit, quantite) VALUES ('HXKRNpDZwDowbjTQGafw', 0, 9);
INSERT INTO composition_bouquet (id_bp, id_produit, quantite) VALUES ('HXKRNpDZwDowbjTQGafw', 2, 47);
INSERT INTO composition_bouquet (id_bp, id_produit, quantite) VALUES ('OWiKLnaupppVkMlFuFGf', 3, 71);
INSERT INTO composition_bouquet (id_bp, id_produit, quantite) VALUES ('YIorbAbJFqYkmZvRJpjI', 0, 18);
INSERT INTO composition_bouquet (id_bp, id_produit, quantite) VALUES ('OIdCKWfLeqZWiSMGWGJr', 4, 24);
INSERT INTO composition_bouquet (id_bp, id_produit, quantite) VALUES ('OIdCKWfLeqZWiSMGWGJr', 2, 60);
INSERT INTO composition_bouquet (id_bp, id_produit, quantite) VALUES ('OIdCKWfLeqZWiSMGWGJr', 0, 12);
INSERT INTO composition_bouquet (id_bp, id_produit, quantite) VALUES ('koTKTPzcxwiUNwDIbZGh', 2, 60);
INSERT INTO composition_bouquet (id_bp, id_produit, quantite) VALUES ('koTKTPzcxwiUNwDIbZGh', 0, 12);
INSERT INTO composition_bouquet (id_bp, id_produit, quantite) VALUES ('koTKTPzcxwiUNwDIbZGh', 4, 24);
INSERT INTO composition_bouquet (id_bp, id_produit, quantite) VALUES ('WyXntLTiBQzEOHGamjOT', 4, 22);
INSERT INTO composition_bouquet (id_bp, id_produit, quantite) VALUES ('WyXntLTiBQzEOHGamjOT', 3, 24);
INSERT INTO composition_bouquet (id_bp, id_produit, quantite) VALUES ('FWpwWsdcTHUALCcXVDXQ', 3, 25);
INSERT INTO composition_bouquet (id_bp, id_produit, quantite) VALUES ('FWpwWsdcTHUALCcXVDXQ', 0, 11);
INSERT INTO composition_bouquet (id_bp, id_produit, quantite) VALUES ('FWpwWsdcTHUALCcXVDXQ', 4, 23);
INSERT INTO composition_bouquet (id_bp, id_produit, quantite) VALUES ('QeCXoCDpIjeFBadwQtXF', 0, 5);
INSERT INTO composition_bouquet (id_bp, id_produit, quantite) VALUES ('QeCXoCDpIjeFBadwQtXF', 3, 12);
INSERT INTO composition_bouquet (id_bp, id_produit, quantite) VALUES ('QeCXoCDpIjeFBadwQtXF', 1, 7);
INSERT INTO composition_bouquet (id_bp, id_produit, quantite) VALUES ('nCPjDzqYMRIJBnIpVfIw', 1, 7);
INSERT INTO composition_bouquet (id_bp, id_produit, quantite) VALUES ('nCPjDzqYMRIJBnIpVfIw', 0, 5);
INSERT INTO composition_bouquet (id_bp, id_produit, quantite) VALUES ('nCPjDzqYMRIJBnIpVfIw', 4, 11);
INSERT INTO composition_bouquet (id_bp, id_produit, quantite) VALUES ('GcDBpOkirONvvrXdxRzQ', 0, 38);
INSERT INTO composition_bouquet (id_bp, id_produit, quantite) VALUES ('vVDcptcTAlFTgzGAgMYa', 3, 24);
INSERT INTO composition_bouquet (id_bp, id_produit, quantite) VALUES ('vVDcptcTAlFTgzGAgMYa', 2, 53);
INSERT INTO composition_bouquet (id_bp, id_produit, quantite) VALUES ('vVDcptcTAlFTgzGAgMYa', 0, 11);
INSERT INTO composition_bouquet (id_bp, id_produit, quantite) VALUES ('CBwxOFGYLEXVHkXlmeHw', 2, 40);
INSERT INTO composition_bouquet (id_bp, id_produit, quantite) VALUES ('CBwxOFGYLEXVHkXlmeHw', 0, 8);
INSERT INTO composition_bouquet (id_bp, id_produit, quantite) VALUES ('CBwxOFGYLEXVHkXlmeHw', 4, 16);
INSERT INTO composition_bouquet (id_bp, id_produit, quantite) VALUES ('LCTHLBGBySDnoqmnxdCp', 2, 85);
INSERT INTO composition_bouquet (id_bp, id_produit, quantite) VALUES ('LCTHLBGBySDnoqmnxdCp', 3, 38);
INSERT INTO composition_bouquet (id_bp, id_produit, quantite) VALUES ('wFErUqpYWIEAyTXOJjWX', 2, 10);
INSERT INTO composition_bouquet (id_bp, id_produit, quantite) VALUES ('EfqAFLEkkVrNaBJxhdgW', 4, 8);
INSERT INTO composition_bouquet (id_bp, id_produit, quantite) VALUES ('EfqAFLEkkVrNaBJxhdgW', 1, 5);
INSERT INTO composition_bouquet (id_bp, id_produit, quantite) VALUES ('EfqAFLEkkVrNaBJxhdgW', 3, 9);
INSERT INTO composition_bouquet (id_bp, id_produit, quantite) VALUES ('jmGeTjCfotazSHLidAtQ', 1, 15);
INSERT INTO composition_bouquet (id_bp, id_produit, quantite) VALUES ('EZQNXuNQzwGtOzmAaRir', 1, 8);
INSERT INTO composition_bouquet (id_bp, id_produit, quantite) VALUES ('EZQNXuNQzwGtOzmAaRir', 4, 13);
INSERT INTO composition_bouquet (id_bp, id_produit, quantite) VALUES ('EZQNXuNQzwGtOzmAaRir', 2, 33);
INSERT INTO composition_bouquet (id_bp, id_produit, quantite) VALUES ('VedMirzZtYJBNGtLKaXw', 0, 18);
INSERT INTO composition_bouquet (id_bp, id_produit, quantite) VALUES ('XfiaEXGHBJmZPPqoRmOI', 0, 1);
INSERT INTO composition_bouquet (id_bp, id_produit, quantite) VALUES ('XfiaEXGHBJmZPPqoRmOI', 1, 1);
INSERT INTO composition_bouquet (id_bp, id_produit, quantite) VALUES ('XfiaEXGHBJmZPPqoRmOI', 2, 3);
INSERT INTO composition_bouquet (id_bp, id_produit, quantite) VALUES ('NDMLneKopNGkjzXZVzZE', 3, 24);
INSERT INTO composition_bouquet (id_bp, id_produit, quantite) VALUES ('NDMLneKopNGkjzXZVzZE', 2, 55);
INSERT INTO composition_bouquet (id_bp, id_produit, quantite) VALUES ('SwFUWacPALQoPMCsuUEg', 3, 16);
INSERT INTO composition_bouquet (id_bp, id_produit, quantite) VALUES ('SwFUWacPALQoPMCsuUEg', 0, 7);
INSERT INTO composition_bouquet (id_bp, id_produit, quantite) VALUES ('SwFUWacPALQoPMCsuUEg', 1, 9);
INSERT INTO composition_bouquet (id_bp, id_produit, quantite) VALUES ('MOYoubvOxchOPVOhGCCk', 0, 8);
INSERT INTO composition_bouquet (id_bp, id_produit, quantite) VALUES ('MOYoubvOxchOPVOhGCCk', 4, 16);
INSERT INTO composition_bouquet (id_bp, id_produit, quantite) VALUES ('eULvlFSzqtWUmUGiRBmO', 2, 47);
INSERT INTO composition_bouquet (id_bp, id_produit, quantite) VALUES ('eULvlFSzqtWUmUGiRBmO', 4, 19);
INSERT INTO composition_bouquet (id_bp, id_produit, quantite) VALUES ('eULvlFSzqtWUmUGiRBmO', 0, 9);
INSERT INTO composition_bouquet (id_bp, id_produit, quantite) VALUES ('zHePbYudKauxWXSWvJDu', 0, 24);

INSERT INTO stock (id_boutique, id_produit, quantite) VALUES ('HKAKkJxZrdOsUywgDifr', 0, 464);
INSERT INTO stock (id_boutique, id_produit, quantite) VALUES ('HKAKkJxZrdOsUywgDifr', 1, 40);
INSERT INTO stock (id_boutique, id_produit, quantite) VALUES ('HKAKkJxZrdOsUywgDifr', 2, 72);
INSERT INTO stock (id_boutique, id_produit, quantite) VALUES ('HKAKkJxZrdOsUywgDifr', 3, 193);
INSERT INTO stock (id_boutique, id_produit, quantite) VALUES ('HKAKkJxZrdOsUywgDifr', 4, 147);
INSERT INTO stock (id_boutique, id_produit, quantite) VALUES ('gzBJvPJaVuWwUiTWGMcI', 0, 89);
INSERT INTO stock (id_boutique, id_produit, quantite) VALUES ('gzBJvPJaVuWwUiTWGMcI', 1, 215);
INSERT INTO stock (id_boutique, id_produit, quantite) VALUES ('gzBJvPJaVuWwUiTWGMcI', 2, 64);
INSERT INTO stock (id_boutique, id_produit, quantite) VALUES ('gzBJvPJaVuWwUiTWGMcI', 3, 432);
INSERT INTO stock (id_boutique, id_produit, quantite) VALUES ('gzBJvPJaVuWwUiTWGMcI', 4, 167);
INSERT INTO stock (id_boutique, id_produit, quantite) VALUES ('nyOSkzFuDwFJYrKZeFXI', 0, 326);
INSERT INTO stock (id_boutique, id_produit, quantite) VALUES ('nyOSkzFuDwFJYrKZeFXI', 1, 128);
INSERT INTO stock (id_boutique, id_produit, quantite) VALUES ('nyOSkzFuDwFJYrKZeFXI', 2, 280);
INSERT INTO stock (id_boutique, id_produit, quantite) VALUES ('nyOSkzFuDwFJYrKZeFXI', 3, 72);
INSERT INTO stock (id_boutique, id_produit, quantite) VALUES ('nyOSkzFuDwFJYrKZeFXI', 4, 404);
INSERT INTO stock (id_boutique, id_produit, quantite) VALUES ('TdDCmHwqkvTkTPHlqTSL', 0, 129);
INSERT INTO stock (id_boutique, id_produit, quantite) VALUES ('TdDCmHwqkvTkTPHlqTSL', 1, 231);
INSERT INTO stock (id_boutique, id_produit, quantite) VALUES ('TdDCmHwqkvTkTPHlqTSL', 2, 268);
INSERT INTO stock (id_boutique, id_produit, quantite) VALUES ('TdDCmHwqkvTkTPHlqTSL', 3, 460);
INSERT INTO stock (id_boutique, id_produit, quantite) VALUES ('TdDCmHwqkvTkTPHlqTSL', 4, 254);
INSERT INTO stock (id_boutique, id_produit, quantite) VALUES ('QHIOngiJTndzvTSvZNWA', 0, 483);
INSERT INTO stock (id_boutique, id_produit, quantite) VALUES ('QHIOngiJTndzvTSvZNWA', 1, 225);
INSERT INTO stock (id_boutique, id_produit, quantite) VALUES ('QHIOngiJTndzvTSvZNWA', 2, 289);
INSERT INTO stock (id_boutique, id_produit, quantite) VALUES ('QHIOngiJTndzvTSvZNWA', 3, 282);
INSERT INTO stock (id_boutique, id_produit, quantite) VALUES ('QHIOngiJTndzvTSvZNWA', 4, 339);